^h	0.013119522985295444
h1	0.002801745068233022
1:	0.0027530145750666556
:$	0.006852230547923599
^c	0.011347833783215083
ce	0.0030820745483561467
er	0.01096591069543063
rt	0.0021592946441916353
ti	0.003753108936586992
if	0.00035316693103963664
fi	0.0025258925945492103
ic	0.003307302410764652
ca	0.004196849151745034
ad	0.005798928686797583
do	0.0071570113709075855
o$	0.031190442899915488
^d	0.01726901918431698
de	0.016464707758238897
el	0.007009442350965621
l$	0.0074915815059685385
en	0.017771132675741444
nt	0.009920185306740374
tr	0.004728751955246466
ro	0.005524625946111995
on	0.006389721344231515
nd	0.0031676542483691644
e$	0.03301172355793901
cu	0.0024027749174681083
ur	0.0027189204491057353
rs	0.000597852552203617
sa	0.003080352622802565
a$	0.02934522747669718
^l	0.012516849041541798
lo	0.005741932950974024
os	0.012565751727263522
s$	0.025245494926174165
^e	0.020666206108978603
es	0.016773793395106838
st	0.006678660452122549
tu	0.002659169632396445
ud	0.0005444728600425797
di	0.003194344094449683
io	0.0023760850713875894
h2	0.002230410169554565
2:	0.002181679676388199
^y	0.006288816506791619
ya	0.0010751703156565047
ay	0.0011731478796553117
ye	0.00029531023243928664
et	0.001205003502396576
ta	0.007934632950905147
an	0.007412028545393057
no	0.009251389421729185
eh	0.0012210174100448872
h$	0.001392349002626281
^s	0.011660363271190188
si	0.004087506879092586
i$	0.0014701800376481803
^a	0.010578649638430072
da	0.0049520856995460315
^m	0.008019007303030658
mu	0.0018200753101360115
uy	0.0007509317339170432
y$	0.006565357750696863
ap	0.002239536374988549
pr	0.0026633022537250416
re	0.006755113946701583
em	0.002692574988135933
mi	0.004008642688738538
ia	0.0022808625882745136
^ú	0.0001637551201456336
ún	0.0002730973927980808
ni	0.002221628349231298
co	0.007499157978404299
^q	0.009209891015887864
qu	0.011762129071406875
ue	0.014601239924152623
^p	0.013303769019528702
pu	0.002377634804385813
ed	0.0019523191926510972
mo	0.005277529629173001
le	0.0042839785847562754
dm	4.786953038957532e-05
it	0.0016678570911993762
ir	0.0018596795978683938
r$	0.007414267048612713
so	0.004938826872783452
n$	0.015555014488281609
la	0.0119551569259634
as	0.00801780195514315
ma	0.0037713613474549598
at	0.0015850324720720894
rí	0.0008318622349353899
íc	0.00012845564629720572
ul	0.0006932472278720513
^9	1.532513742687843e-05
90	4.993584105387354e-06
0$	8.540750745765957e-05
91	2.4106957750145847e-06
1$	1.8768988534042123e-05
añ	0.0008003509973048421
ño	0.0008859306973178599
pa	0.006072542657261739
^t	0.008885996819259117
te	0.008640450235318346
rm	0.0009470590544700154
in	0.005857474155619366
na	0.00481760331381129
se	0.005656525443516365
ie	0.0065162828724197805
mb	0.0010646665697796555
br	0.0017480988219962903
ua	0.0014644976833213602
al	0.005943742625853817
ah	0.0008437435212551046
ho	0.0019354443222259952
or	0.0069224851105097384
ra	0.009521042963420103
^f	0.001957484969311843
fo	0.0005064183053084209
ot	0.0013217500549294252
to	0.008118018022361614
oc	0.0016859373095119857
op	0.0006042236767518698
pi	0.0008986729464143656
^b	0.0024496112925255346
bi	0.0016143052064829808
sí	0.001582793968852433
í$	0.0024804337599346493
om	0.0025167663891152263
ex	0.0018565801318719466
xc	5.3207499605679046e-05
ep	0.00045648246425454743
pc	9.935510444167253e-05
ci	0.006022262431097149
fe	0.000722864347393659
ec	0.003104803965663427
ch	0.0019569683916457682
ha	0.004334947581142298
pe	0.003351900282602422
^v	0.004104553942073047
va	0.0021510294015344425
am	0.0052888943378266405
ar	0.007946342044669505
rn	0.002007248617810358
ne	0.0029012723652300527
ts	1.2570056541147478e-05
^n	0.006343573739395521
nu	0.0006977242343113641
un	0.005794107295247554
nc	0.0023841781214894242
^o	0.002777638110482876
ea	0.001018518964943662
^r	0.0022371256792135348
ov	0.0002887669153356756
ac	0.003381689594679388
ió	0.0019888240143870325
ón	0.0022662262210690677
ol	0.0031921055912300265
li	0.002226449740781327
d$	0.0013670366969886277
im	0.0015893372859560441
ob	0.0008306568870478827
bl	0.001392521195181639
^[	0.002944492696624957
[s	0.001112708292724589
s]	0.0019750486099583777
]$	0.003670973087681138
tá	0.0009377606564806735
á$	0.000960662266343312
aq	0.0005596258049141
uí	0.0004377134757205053
[f	0.0015647137505398236
^u	0.004598574383395678
us	0.0012113746269448288
du	0.0005611755379123236
uc	0.0011054762053995452
sd	0.00021455192397629803
me	0.004591514488625993
^j	0.0007877809407636947
ju	0.0005150279330763302
^¡	0.00048558300611008064
¡q	9.642783100058339e-05
ué	0.0008902355112018145
é$	0.0012249778388181253
má	0.0011576505496730752
ás	0.0011771083084285501
fá	4.2359368618113415e-05
ác	0.00011295831631496912
il	0.0014777565100839404
ng	0.0008390943222604337
ga	0.001606039963825788
ll	0.001953352347983246
is	0.0035485441808214687
sp	0.0010405596120295097
po	0.004880797981627743
ib	0.0008940237474196946
ig	0.0016757779487458528
go	0.0016065565414918625
pt	0.00011295831631496912
rq	0.0008470151798069101
lg	0.0005181273990727775
^i	0.0021465523950951297
id	0.0028413493559654042
vi	0.0016799105700744492
aj	0.0005374129652728942
je	0.0017052228757121024
^¿	0.0012120633971662615
¿v	2.531230563765314e-05
ld	9.315617244877789e-05
dr	0.0006891146065434549
ía	0.002151890364311233
lu	0.0009668611983362067
eg	0.0015655747133166147
o.	7.662568713439216e-05
..	0.0010326387544830331
.$	0.0001768417543528556
ae	9.160643945055422e-05
od	0.0017792656745161217
um	0.0003765851185683498
fa	0.00047094663890463495
og	0.00042118299040611956
gr	0.0008768044918838761
af	0.00022574444007458005
fí	0.00016289415736884266
ui	0.0015810720432988513
rl	0.00045080010992772736
¿c	0.00017718613946357198
lq	0.00010142141510597075
lt	0.0005231209831781649
bu	0.0012089639311698142
^g	0.0016308356917973665
ve	0.002484394188707888
rá	0.0005787391785588586
ri	0.004164132566226979
av	0.00048076161456005146
ví	0.00014842998271875514
nv	0.0002734417779087972
¿h	3.5127281293069666e-05
ev	0.0007901916365387092
h3	0.0011028933170691725
3:	0.00111167513739244
gu	0.0016501212579974832
be	0.0007941520653119475
ai	0.00014860217527411332
ix	1.377540442865477e-05
xa	8.38577744594359e-05
uv	0.00011795190042035646
ez	0.0005833883775535295
z$	0.0005255316789531795
nf	0.00032303323385195437
eñ	0.00045562150147775653
h4	0.0005535990654765635
4:	0.0005659969294623528
ab	0.0032001986413318613
ló	0.0001656492382545736
lí	0.00040155303909528655
xp	0.00016151661692597719
pl	0.0007710782628939508
ña	0.000492470708324408
¿s	6.663851892361745e-05
cl	0.0007493820009188194
ba	0.00185055339243441
hí	0.0003281990105126999
ij	0.0002792963247909755
n:	3.9604287732382465e-05
^"	0.0008845531568749944
"m	5.9062046487857324e-05
né	6.646632636825926e-05
éi	0.00013413800062402582
[i	0.00031890061252335793
gi	0.0007156322600686153
e]	0.0002660374980283952
]"	5.0796803830664465e-05
"$	0.0008616515470123558
yo	0.0013315650305848418
sé	0.0003526503533735621
mp	0.0016675127060886599
he	0.001039009879031286
su	0.0013796067535297753
tú	0.00025932198836942604
ú$	0.0002512289382675914
gl	0.00046009850791706934
rr	0.0010588120228974772
dé	6.904921469863204e-05
éj	1.4980752316162062e-05
ja	0.000761091094683176
u$	0.0005210546725138667
¿l	5.699573582355911e-05
mí	0.0002837733312302883
ié	0.000605256832084019
én	0.0006286750196127321
vo	0.00083565047115327
sm	0.0013567051436671367
h5	0.0003698696089093806
5:	0.000374002230237977
sc	0.000797423723863753
][	0.00019061715878151037
éd	2.91005418555332e-05
iv	0.0008156761347317206
iz	0.0004724963719028586
ge	0.0006579477540236235
a:	0.00012552837285611658
[a	6.440001570396105e-05
n]	0.0001746032511331992
ei	0.00036797549080044053
iu	0.0001365486963990404
ji	4.425348672705345e-05
mé	7.765884246654127e-05
[r	6.216151248430464e-05
ru	0.0004063744306453157
o]	0.0013792623684190587
hb	3.306097062877145e-05
b:	4.390910161633708e-05
uñ	3.564385895914422e-05
oz	0.00010882569498637268
jo	0.000824457955054988
]o	1.6874870425102093e-05
o[	0.00011192516098282001
a[	0.0001758085990207065
[p	0.000589415116991066
a]	0.0007586803989081615
tí	0.0002360759933960711
ín	0.0002093861473155525
hc	3.529947384842785e-05
c:	4.528664205920256e-05
o-	1.2225671430431108e-05
-v	1.8941181089400309e-06
¿e	0.000134310193179384
]c	5.5618195380693634e-05
¡c	2.91005418555332e-05
n!	3.2716585518055076e-06
![	1.532513742687843e-05
^(	7.748664991118308e-05
(¿	1.2053478875072924e-06
rd	0.0009455093214717918
d?	1.8941181089400309e-06
?)	3.0994659964473232e-06
)$	7.783103502189945e-05
¿.	2.2385032196564e-06
.[	9.07454766737633e-05
^é	0.00040361934975958476
és	0.0004979808700958699
n;	2.393476519478766e-05
;$	0.00040895731897568847
^.	0.00022092304852455087
.¿	5.337969216103723e-06
¿y	0.00011760751530964009
eo	0.0006278140568359411
¡.	6.887702214327385e-07
ét	0.000134310193179384
t$	4.0293057953815204e-05
¡m	2.944492696624957e-05
óp	2.049091408762397e-05
¡s	2.496792052693677e-05
¡d	1.79080257572512e-05
¿d	6.663851892361745e-05
hd	2.7378616301951355e-05
d:	2.8756156744816834e-05
¡h	3.013369718768231e-05
¿q	0.0002429636956103985
]p	7.300964347187028e-05
p.	2.46235354162204e-05
.p	3.168343018590597e-05
]n	1.308663420722203e-05
¿m	3.1511237630547784e-05
[d	9.418932778092698e-05
rz	6.784386681112474e-05
za	0.0007426664912598503
(g	1.2053478875072924e-06
s)	1.0159360766132893e-05
fr	0.000345073880937802
]¡	1.4464174650087507e-05
¡g	3.4438511071636925e-06
s!	5.337969216103723e-06
¡v	1.8424603423325754e-05
e:	0.00010607061410064172
(h	1.0503745876849261e-05
oj	0.00011071981309531271
hf	8.9540128786256e-06
f:	8.781820323267416e-06
có	0.00027860755456954274
óm	0.0002994428537678831
uá	0.00014705244227588966
án	0.0005868322286606932
o?	1.635829275902754e-05
?[	6.026739437536462e-06
(s	4.132621328596431e-06
oy	0.0006758557797808747
o)	1.1192516098282e-05
]d	3.495508873771148e-05
d.	7.576472435760123e-06
.n	1.4980752316162062e-05
n.	1.8768988534042123e-05
.i	3.960428773238246e-06
i.	7.404279880401939e-06
¿o	2.600107585908588e-05
a.	7.111552536293026e-05
^$	0.00017047062980460277
nú	8.127488612906315e-05
úm	6.474440081467742e-05
fu	0.0005344856918318051
ct	0.0010476195067991953
¿a	6.784386681112474e-05
bí	0.00023108240929068375
dí	0.000470085676127844
cé	0.00010004387466310527
.m	8.265242657192862e-06
sq	3.461070362699511e-05
¿n	6.112835715215554e-05
vá	2.3590380084071292e-05
ái	5.9062046487857324e-05
rg	0.0003221722710751634
¿é	4.649198994670985e-06
ej	0.0007380172922651793
ír	3.839893984487517e-05
tó	0.0001356877336222495
.é	1.7219255535818462e-07
.e	4.012086539845702e-05
lv	0.00021093588031377615
.(	2.2385032196564e-06
(m	2.2385032196564e-06
e)	8.265242657192862e-06
.u	8.9540128786256e-06
té	0.00015738399559738075
áq	1.2914441651863847e-05
pé	2.5484498193011325e-05
ér	0.0001322438825150858
oq	7.989734568619767e-05
.s	2.651765352516043e-05
rf	7.938076802012311e-05
gú	0.00016444389036706633
[e	0.0005138225851888229
xt	0.0014080185251638757
nj	0.0010980719255191433
]l	2.0835299198340338e-05
e[	0.00017184817024746825
él	0.0001890674257832867
gü	1.5841715092952984e-05
üe	9.126205433983784e-06
[b	1.1364708653640186e-05
bo	0.0005071070755298537
óg	7.473156902545212e-05
rc	0.0006140386524072864
hi	0.0004873049316636625
zo	0.00024571877649612946
¿t	7.903638290940674e-05
sg	3.908771006630791e-05
]¿	3.7882362178800617e-06
lm	0.0003359476755038182
eb	0.00037675731112370793
s.	5.1829959162813574e-05
eó	2.8067386523384094e-05
ór	5.1829959162813574e-05
ní	0.00022798294329423645
]e	3.047808229839868e-05
zc	6.422782314860286e-05
dó	0.00013276046018116035
dá	2.8067386523384094e-05
]a	2.978931207696594e-05
.2	1.7219255535818462e-06
2.	1.8941181089400309e-06
l.	8.265242657192862e-06
az	0.0002832567535642137
zu	3.202781529662234e-05
[o	3.874332495559154e-05
ey	0.00019836582377262869
¡p	4.459787183776982e-05
uf	9.642783100058339e-05
f!	6.887702214327385e-07
cr	0.0009716825898862359
eí	0.00021524069419773077
í[	4.649198994670985e-06
¿p	0.00010297114810419441
ag	0.0005780504083374258
d,	1.7219255535818462e-07
,(	1.7219255535818462e-07
(o	2.2385032196564e-06
a)	9.470590544700154e-06
xi	0.00023194337206747467
au	0.0003545444714825021
nq	0.00015204602638127702
zó	5.682354326820093e-05
.;	1.5497329982236616e-06
hu	0.0002699979268016335
ub	0.0002663818831391116
(a	3.4438511071636925e-06
s[	0.0001186406706417892
nó	8.661285534516686e-05
áp	3.7537977068084247e-05
up	0.0003929434113273773
]:	2.9272734410891384e-06
r[	8.230804146121224e-05
(p	4.993584105387354e-06
pú	0.00010004387466310527
úb	9.96994895523889e-05
(e	8.265242657192862e-06
(c	4.132621328596431e-06
lé	0.00013637650384368223
éf	4.563102716991893e-05
rv	0.00019268346944580859
e,	1.5497329982236616e-06
,n	1.7219255535818462e-06
o,	4.304813883954616e-06
,q	6.887702214327385e-07
^,	1.7219255535818462e-06
¡e	3.977648028774065e-05
]s	7.989734568619767e-05
ns	0.0011688430657713572
of	0.00020008774932621053
[t	0.00018579576723148122
[c	7.05989476968557e-06
i[	9.350055755949424e-05
r]	1.1192516098282e-05
"c	7.214868069507935e-05
g"	5.510161771461908e-06
rj	2.427915030550403e-05
.c	2.2212839641205817e-05
s;	8.454654468086865e-05
ím	4.2014983507397045e-05
.v	6.7155096589692e-06
:.	4.4770064393128e-06
rp	9.315617244877789e-05
ío	0.0001453305167223078
¡l	1.670267786974391e-05
a;	7.404279880401938e-05
ox	3.202781529662234e-05
.y	2.4451342860862216e-05
.d	2.049091408762397e-05
ef	0.0003762407334576334
[l	7.05989476968557e-06
].	2.0318721532265787e-05
íg	3.771016962344243e-05
í.	9.470590544700154e-06
pá	4.322033139490434e-05
¡n	3.271658551805508e-05
]v	6.026739437536462e-06
¡a	7.042675514149752e-05
oi	5.406846238246997e-05
.f	1.377540442865477e-06
.a	2.2212839641205817e-05
[v	6.26780901503792e-05
a,	1.8941181089400309e-06
,b	5.165776660745539e-07
b,	1.7219255535818462e-07
,c	3.4438511071636925e-07
c$	1.9629951310833047e-05
o:	0.00012001821108465468
t[	5.4240654937828155e-05
eq	0.00021644604208523807
ñi	2.4451342860862216e-05
^í	2.3762572639429477e-05
h.	2.3418187528713107e-05
"z	2.0663106642982155e-06
ze	3.616043662521877e-06
a"	0.0001666823935867227
"a	5.9062046487857324e-05
lá	0.00010985885031852179
.l	2.1351876864414892e-05
.q	1.6874870425102093e-05
d[	2.8411771634100464e-05
.t	2.2901609862638556e-05
o;	0.00010365991832562715
ré	0.00013844281450798044
^4	2.8067386523384094e-05
4o	1.7219255535818462e-07
"e	9.177863200591241e-05
ós	6.818825192184111e-05
¿j	2.4106957750145847e-06
sá	4.012086539845702e-05
cí	0.0002576000628158442
ám	6.371124548252831e-05
]j	2.3418187528713107e-05
oh	4.890268572172443e-05
hn	8.093050101834677e-06
n[	0.00011416366420247641
?.	6.887702214327385e-07
¡u	1.1881286319714738e-05
¿u	2.789519396802591e-05
só	0.00013344923040259308
ól	0.00013138291973829487
oí	4.184279095203886e-05
t.	1.2225671430431108e-05
ál	0.0001310385346275785
vu	0.00010211018532740349
c"	3.960428773238246e-06
yu	0.00010038825977382164
e;	2.9961504632324124e-05
d;	6.543317103611015e-06
e"	9.539467566843428e-05
"¡	3.013369718768231e-05
¡o	1.0675938432207446e-05
r"	5.096899638602265e-05
^z	9.84941416648816e-05
]m	4.786953038957532e-05
¡b	8.9540128786256e-06
já	8.265242657192862e-06
e.	5.0796803830664465e-05
iñ	0.00014567490183302418
eu	0.00014378078372408415
ut	0.0004833445028904242
áf	3.7537977068084247e-05
ax	1.153690120899837e-05
xo	1.1364708653640186e-05
cc	0.00023366529762105652
ñí	1.1709093764356554e-05
pó	3.202781529662234e-05
(v	1.7219255535818462e-06
n)	5.682354326820093e-06
s"	0.00012346206219181836
iá	3.0305889743040494e-05
sl	6.422782314860286e-05
l[	3.839893984487517e-05
¡y	3.099465996447323e-05
aé	6.887702214327385e-06
lb	3.616043662521877e-05
ao	4.115402073060612e-05
áb	7.679787968975034e-05
"n	3.8915517510949725e-05
]t	2.8928349300175015e-05
.k	5.165776660745539e-07
k.	6.887702214327385e-07
.h	7.576472435760123e-06
"j	1.635829275902754e-05
o"	0.0001411978953937114
ss	4.838610805564988e-05
]b	4.046525050917339e-05
lf	4.580321972527711e-05
f[	8.9540128786256e-06
"b	4.804172294493351e-05
."	5.9062046487857324e-05
]u	1.34310193179384e-05
u.	4.132621328596431e-06
¡t	1.532513742687843e-05
yt	3.4438511071636925e-07
ou	1.6530485314385724e-05
]r	3.80545547341588e-05
r.	1.5841715092952984e-05
v.	2.2385032196564e-06
ee	9.40171352255688e-05
(d	7.05989476968557e-06
z)	8.609627767909231e-07
¿[	6.7155096589692e-06
ít	0.00015170164127056065
áe	2.2385032196564e-06
há	1.2914441651863847e-05
á!	8.609627767909231e-07
áz	3.4438511071636925e-06
zq	4.528664205920256e-05
sv	1.2570056541147478e-05
ip	0.00041532844352394133
z;	1.5497329982236616e-06
y!	2.9272734410891384e-06
ís	0.00033388136483952
gn	9.229520967198696e-05
"s	4.2359368618113415e-05
bd	4.132621328596431e-06
ps	3.736578451272606e-05
át	8.62684702344505e-05
gá	2.1868454530489447e-05
sf	8.523531490230138e-05
íq	9.29839798934197e-06
ró	0.00012604495052219114
u[	4.287594628418797e-05
zá	7.903638290940674e-05
mú	4.838610805564988e-05
úl	0.00010779253965422357
ép	3.426631851627874e-05
ót	1.635829275902754e-05
uj	0.0001937166247779577
nm	6.560536359146834e-05
cá	8.110269357370496e-05
gm	1.0675938432207446e-05
iq	6.973798492006478e-05
oe	5.5962580491410004e-05
gí	7.73144573558249e-05
(.	2.582888330372769e-06
.)	6.543317103611015e-06
íd	0.00023865888172644388
év	5.337969216103723e-06
ug	0.00022367812941028183
rú	1.0503745876849261e-05
úr	2.9272734410891384e-06
c]	7.05989476968557e-05
ód	2.978931207696594e-05
í;	2.049091408762397e-05
b[	8.265242657192862e-06
sú	4.941926338779899e-05
tc	6.026739437536462e-05
ná	4.580321972527711e-05
m$	4.115402073060612e-05
ó$	0.0003603990183646804
é.	3.616043662521877e-06
".	4.649198994670985e-06
r)	3.2716585518055076e-06
ñó	6.887702214327385e-06
ús	9.74609863327325e-05
xó	6.887702214327385e-07
bs	0.00010572622898992535
rb	0.00012673372074362388
"[	4.511444950384437e-05
gó	3.80545547341588e-05
h6	0.00015531768493308253
6:	0.00016100003925990263
fl	9.883852677559797e-05
gé	9.126205433983784e-06
lr	1.532513742687843e-05
ft	2.2385032196564e-06
h7	0.00010297114810419441
7:	0.00010572622898992535
nn	1.7391448091176648e-05
bó	1.9974336421549417e-05
sb	8.609627767909232e-06
^á	0.00011330270142568549
aí	0.0001499797157169788
lp	3.650482173593514e-05
íz	7.920857546476492e-06
z[	3.616043662521877e-06
nz	0.00014515832416694963
lú	4.304813883954616e-06
út	2.1868454530489447e-05
úe	4.132621328596431e-06
úo	1.7219255535818462e-06
lc	0.00010779253965422357
fó	2.2385032196564e-05
ém	1.4464174650087507e-05
éu	6.371124548252831e-06
("	1.377540442865477e-06
"d	3.8226747289516986e-05
d"	1.670267786974391e-05
")	1.377540442865477e-06
nl	1.7391448091176648e-05
^ó	1.9802143866191232e-05
áu	2.755080885730954e-06
vó	7.920857546476492e-06
ár	9.780537144344886e-05
r;	1.9113373644758493e-05
hé	6.371124548252831e-06
hg	1.0675938432207446e-05
g:	1.0503745876849261e-05
(1	1.2053478875072924e-06
1,	2.4106957750145847e-06
,2	1.5497329982236616e-06
24	4.132621328596431e-06
4)	1.8941181089400309e-06
,0	3.4438511071636925e-07
08	3.4438511071636925e-07
8)	1.7219255535818462e-07
vé	5.217434427352994e-05
áx	2.2901609862638556e-05
s:	0.00011037542798459634
l"	3.237220040733871e-05
bt	1.532513742687843e-05
lz	8.093050101834677e-06
oo	2.7378616301951355e-05
cú	2.272941730728037e-05
úp	5.854546882178277e-06
r:	2.789519396802591e-05
uz	6.784386681112474e-05
"v	2.4795727971578586e-05
fé	1.7735833201893018e-05
óv	2.307380241799674e-05
bé	5.682354326820093e-05
n"	4.287594628418797e-05
bá	1.8941181089400308e-05
bj	2.68620386358768e-05
^k	4.511444950384437e-05
ki	4.4770064393128e-05
ew	3.616043662521877e-06
wt	3.4438511071636925e-07
]k	1.153690120899837e-05
ke	2.651765352516043e-05
éa	2.4106957750145847e-06
ls	4.494225694848619e-05
g[	1.6874870425102093e-05
l;	1.377540442865477e-05
oñ	4.425348672705345e-05
^-	1.9285566200116678e-05
-c	5.682354326820093e-06
í-	1.7219255535818462e-07
-$	2.617326841444406e-05
jó	3.650482173593514e-05
"r	1.2742249096505663e-05
(q	1.7219255535818462e-06
ój	2.2385032196564e-06
j$	8.9540128786256e-06
mn	2.6345460969802246e-05
íb	2.3418187528713107e-05
"t	3.564385895914422e-05
sn	1.1709093764356554e-05
tm	9.987168210774709e-06
mó	7.628130202367579e-05
aú	2.2212839641205817e-05
(f	5.165776660745539e-07
ñe	6.26780901503792e-05
é;	4.649198994670985e-06
"l	6.887702214327385e-05
ys	9.814975655416524e-06
íf	3.323316318412963e-05
s-	4.993584105387354e-06
-l	2.582888330372769e-06
z"	5.337969216103723e-06
";	7.920857546476492e-06
jú	1.7219255535818462e-06
eá	7.404279880401939e-06
h?	4.304813883954616e-06
?;	2.4106957750145847e-06
?$	3.0994659964473232e-06
uo	2.68620386358768e-05
íj	4.2014983507397045e-05
á[	2.9272734410891384e-06
p[	2.0318721532265787e-05
"h	2.944492696624957e-05
dv	9.29839798934197e-06
(y	1.2053478875072924e-06
í)	1.377540442865477e-06
éx	1.670267786974391e-05
"¿	3.1166852519831414e-05
"?	3.4438511071636925e-07
íp	1.6530485314385724e-05
-p	5.854546882178277e-06
új	2.0663106642982155e-06
"o	2.0663106642982153e-05
"p	7.008237003078115e-05
í"	9.642783100058339e-06
cn	4.666418250206803e-05
[m	8.265242657192862e-06
-y	3.7882362178800617e-06
n-	4.993584105387354e-06
ux	7.232087325043754e-06
x$	1.34310193179384e-05
a?	8.9540128786256e-06
?"	4.2703753728829785e-05
!"	2.427915030550403e-05
q[	5.165776660745538e-06
)?	1.7219255535818462e-07
e(	3.4438511071636925e-07
(t	2.9272734410891384e-06
t)	3.4438511071636925e-07
)c	3.4438511071636925e-07
"y	2.2901609862638556e-05
"i	1.7219255535818463e-05
ln	2.755080885730954e-06
m[	3.7882362178800616e-05
éb	3.4438511071636925e-06
í:	5.854546882178277e-06
"q	1.2225671430431108e-05
eé	3.0994659964473232e-06
ñu	2.0663106642982155e-06
jí	4.132621328596431e-06
ád	7.748664991118307e-06
ág	3.0305889743040494e-05
pí	4.184279095203886e-05
:[	7.697007224510853e-05
:y	0.00010813692476493994
hú	4.649198994670985e-06
"u	1.377540442865477e-05
é:	1.0331553321491077e-06
óc	5.337969216103723e-06
y"	6.026739437536462e-06
.b	6.887702214327385e-06
^1	9.108986178447967e-05
19	1.4980752316162062e-05
18	6.1989319928946464e-06
8$	1.7735833201893018e-05
óx	4.0293057953815204e-05
]g	2.7034231191234985e-05
dq	9.470590544700154e-06
]y	7.232087325043754e-06
u"	3.960428773238246e-06
]h	2.8411771634100464e-05
ii	1.7219255535818462e-06
óf	1.0675938432207446e-05
10	3.5471666403786035e-05
1d	3.4438511071636925e-07
úa	1.3603211873296585e-05
tl	2.8411771634100464e-05
^8	1.9457758755474863e-05
80	6.371124548252831e-06
^5	3.237220040733871e-05
50	1.377540442865477e-05
bv	6.543317103611015e-06
^3	3.409412596092056e-05
30	9.642783100058339e-06
17	6.026739437536462e-06
7$	1.6874870425102093e-05
13	1.1192516098282e-05
3$	2.91005418555332e-05
15	1.1709093764356554e-05
5$	3.839893984487517e-05
16	8.9540128786256e-06
6$	2.3590380084071292e-05
éc	6.543317103611016e-05
c[	2.3762572639429477e-05
a-	1.79080257572512e-05
fú	1.532513742687843e-05
s,	1.7219255535818462e-06
,.	3.4438511071636925e-07
._	1.7219255535818462e-07
_$	3.4438511071636925e-07
]f	1.9974336421549417e-05
];	7.05989476968557e-06
ó[	1.7219255535818462e-06
ñ[	5.165776660745539e-07
o_	1.7219255535818462e-07
86	1.7219255535818462e-06
-a	3.2716585518055076e-06
^6	2.307380241799674e-05
a!	7.05989476968557e-06
!-	1.7219255535818462e-07
,$	1.377540442865477e-06
00	4.287594628418797e-05
y.	9.814975655416524e-06
4$	2.720642374659317e-05
¡1	3.4438511071636925e-07
.!	2.2385032196564e-06
!.	3.0994659964473232e-06
"g	1.601390764831117e-05
c.	1.0159360766132893e-05
.r	4.132621328596431e-06
ny	8.781820323267416e-06
zi	4.993584105387354e-06
oá	1.2053478875072924e-06
nx	1.7219255535818462e-07
úc	1.4980752316162062e-05
uq	1.1020323542923816e-05
qe	3.4438511071636925e-07
ly	6.1989319928946464e-06
.o	1.0503745876849261e-05
a(	2.4106957750145847e-06
(n	2.0663106642982155e-06
)s	1.7219255535818462e-07
oa	5.8373276266424584e-05
.?	2.4106957750145847e-06
á.	3.0994659964473232e-06
r-	2.4106957750145847e-06
-i	1.2053478875072924e-06
ób	2.755080885730954e-06
ka	1.9802143866191232e-05
¡k	1.7219255535818462e-07
rk	8.9540128786256e-06
k$	1.56695225375948e-05
k;	1.7219255535818462e-07
hó	6.371124548252831e-06
nh	1.153690120899837e-05
m!	8.609627767909231e-07
d)	4.4770064393128e-06
)o	2.4106957750145847e-06
¿f	1.8941181089400309e-06
-é	3.4438511071636925e-07
l-	2.0663106642982155e-06
áj	7.920857546476492e-06
jü	1.7219255535818462e-07
ür	1.7219255535818462e-07
zz	1.8941181089400309e-06
ms	2.2385032196564e-06
g$	5.682354326820093e-06
th	1.2742249096505663e-05
y[	3.409412596092056e-05
ry	5.165776660745538e-06
yl	1.8941181089400309e-06
nr	2.46235354162204e-05
,¿	3.4438511071636925e-07
sh	3.271658551805508e-05
t]	7.920857546476492e-06
¡j	5.510161771461908e-06
¡r	2.9272734410891384e-06
i"	8.437435212551047e-06
]w	8.437435212551047e-06
wi	6.7155096589692e-06
^w	8.781820323267416e-06
w$	2.9272734410891384e-06
^2	6.904921469863204e-05
2$	4.1670598396680676e-05
zm	4.304813883954616e-06
(l	2.755080885730954e-06
ph	2.0663106642982155e-06
cs	1.7219255535818462e-06
(2	3.616043662521877e-06
20	1.8768988534042123e-05
0)	5.165776660745539e-07
b$	2.651765352516043e-05
sk	1.635829275902754e-05
tt	1.2225671430431108e-05
ó.	6.887702214327385e-07
45	1.8941181089400309e-06
tj	6.887702214327385e-07
)"	1.7219255535818462e-07
é"	4.4770064393128e-06
5"	1.7219255535818462e-07
¿5	1.7219255535818462e-07
zt	1.8941181089400309e-06
x"	1.2053478875072924e-06
""	2.755080885730954e-06
([	5.165776660745539e-07
])	2.582888330372769e-06
tb	1.7219255535818463e-05
"f	1.4291982094729324e-05
ég	1.1881286319714738e-05
üi	3.0994659964473232e-06
(b	1.0331553321491077e-06
¿"	3.7882362178800617e-06
pp	7.404279880401939e-06
s?	1.0675938432207446e-05
¡i	3.7882362178800617e-06
22	4.304813883954616e-06
¿9	1.7219255535818462e-07
40	8.093050101834677e-06
35	2.582888330372769e-06
í?	1.7219255535818462e-06
bú	1.2225671430431108e-05
é?	1.2053478875072924e-06
yb	1.7219255535818462e-07
bc	2.582888330372769e-06
cz	1.7219255535818462e-07
ko	9.987168210774709e-06
ak	2.789519396802591e-05
f$	3.960428773238246e-06
l?	2.2385032196564e-06
i!	3.4438511071636925e-07
p$	6.1989319928946464e-06
]?	1.0331553321491077e-06
"!	1.7219255535818462e-07
o!	8.781820323267416e-06
dh	2.0663106642982155e-06
l)	1.2053478875072924e-06
9$	1.8941181089400308e-05
yé	3.616043662521877e-06
-e	5.510161771461908e-06
ó-	3.4438511071636925e-07
r!	1.7219255535818462e-06
!)	6.887702214327385e-07
j[	1.5497329982236616e-06
¿(	1.7219255535818462e-07
25	7.576472435760123e-06
28	1.7219255535818462e-06
xu	1.670267786974391e-05
zn	7.920857546476492e-06
áv	4.304813883954616e-06
27	3.616043662521877e-06
á:	2.4106957750145847e-06
bb	3.0994659964473232e-06
nb	3.2716585518055076e-06
rw	5.165776660745539e-07
we	3.4438511071636925e-06
^;	5.165776660745539e-07
dú	4.8213915500291694e-06
yú	1.7219255535818462e-06
83	1.0331553321491077e-06
11	1.704706298046028e-05
1"	6.887702214327385e-07
l:	7.920857546476492e-06
^7	1.601390764831117e-05
7;	3.4438511071636925e-07
60	3.2716585518055076e-06
^0	4.132621328596431e-06
xh	3.0994659964473232e-06
íñ	1.8941181089400309e-06
dg	1.5497329982236616e-06
y)	8.609627767909231e-07
^?	5.165776660745539e-07
pf	2.4106957750145847e-06
ff	2.582888330372769e-06
h!	3.960428773238246e-06
ú"	3.2716585518055076e-06
é)	3.4438511071636925e-07
23	2.9272734410891384e-06
,"	2.2385032196564e-06
r,	1.0331553321491077e-06
¡¿	1.7219255535818462e-06
á"	2.755080885730954e-06
(i	5.165776660745539e-07
12	1.79080257572512e-05
y:	1.7219255535818462e-06
yá	3.7882362178800617e-06
.:	1.5497329982236616e-06
14	2.0318721532265787e-05
vr	3.4438511071636925e-07
rê	1.7219255535818462e-07
ês	1.7219255535818462e-07
sw	5.165776660745539e-07
wa	1.9457758755474863e-05
vs	1.0331553321491077e-06
"é	3.616043662521877e-06
^:	4.132621328596431e-06
í!	8.609627767909231e-07
h[	2.1524069419773077e-05
c!	1.7219255535818462e-07
ym	1.2053478875072924e-06
g!	1.7219255535818462e-07
lh	2.9272734410891384e-06
¡[	3.4438511071636925e-06
hr	3.4438511071636925e-06
x[	4.8213915500291694e-06
my	5.854546882178277e-06
n?	1.7219255535818462e-06
ú:	1.7219255535818462e-07
p"	2.755080885730954e-06
kr	8.609627767909231e-07
tz	6.887702214327385e-07
hp	1.5497329982236616e-06
(j	6.887702214327385e-07
xá	1.7219255535818462e-06
b"	2.4106957750145847e-06
vö	1.7219255535818462e-07
ög	1.7219255535818462e-07
ht	6.371124548252831e-06
ik	9.814975655416524e-06
dj	5.165776660745538e-06
"-	5.165776660745539e-07
ú)	3.4438511071636925e-07
d-	2.0663106642982155e-06
(u	1.0331553321491077e-06
]i	1.377540442865477e-05
);	3.4438511071636925e-07
á)	3.4438511071636925e-07
¿b	2.2385032196564e-06
):	1.7219255535818462e-07
zl	8.609627767909231e-07
¿r	3.2716585518055076e-06
v?	1.7219255535818462e-07
tw	1.0331553321491077e-06
üa	1.7219255535818462e-07
ds	8.609627767909232e-06
ck	1.8424603423325754e-05
nk	2.4106957750145847e-06
-n	1.0331553321491077e-06
py	8.609627767909231e-07
m-	4.132621328596431e-06
-4	1.7219255535818462e-06
0"	2.755080885730954e-06
-3	2.9272734410891384e-06
-h	1.7219255535818462e-07
gb	2.755080885730954e-06
íl	4.8213915500291694e-06
e?	2.2385032196564e-06
-b	6.543317103611015e-06
cd	1.0848130987565631e-05
yó	9.470590544700154e-06
i-	1.5497329982236616e-06
-d	1.8941181089400309e-06
eú	3.7882362178800617e-06
é[	3.2716585518055076e-06
(r	1.0331553321491077e-06
v$	4.4770064393128e-06
xq	3.7882362178800617e-06
-t	2.2385032196564e-06
á;	1.7219255535818462e-06
,p	1.8941181089400309e-06
j.	1.7219255535818462e-06
úñ	4.649198994670985e-06
i?	1.7219255535818462e-07
h;	1.7219255535818462e-07
e!	2.2385032196564e-06
ú!	5.165776660745539e-07
vy	1.2053478875072924e-06
¡¡	1.7219255535818462e-07
!!	1.7219255535818462e-07
íe	1.7391448091176648e-05
jé	1.5152944871520247e-05
]z	1.7219255535818462e-06
ku	1.2053478875072923e-05
3]	1.7219255535818462e-07
r?	2.4106957750145847e-06
¿i	1.7219255535818462e-06
z:	1.8941181089400309e-06
[g	2.2385032196564e-06
(z	1.7219255535818462e-07
uu	2.755080885730954e-06
u!	1.7219255535818462e-07
ih	1.2053478875072924e-06
yi	1.2053478875072924e-06
]q	3.7882362178800617e-06
,[	1.377540442865477e-06
]'	1.7219255535818462e-07
's	1.377540442865477e-06
p'	1.7219255535818462e-07
mm	7.576472435760123e-06
zg	1.34310193179384e-05
ok	8.265242657192862e-06
g)	2.2385032196564e-06
j)	1.7219255535818462e-07
éq	6.887702214327385e-07
e-	4.4770064393128e-06
0-	6.887702214327385e-07
^x	4.132621328596431e-06
xe	6.1989319928946464e-06
(3	2.4106957750145847e-06
3,	1.2053478875072924e-06
2)	3.616043662521877e-06
(0	1.377540442865477e-06
0,	1.5497329982236616e-06
,8	8.609627767909231e-07
89	3.2716585518055076e-06
9)	6.887702214327385e-07
,4	5.165776660745539e-07
f"	1.377540442865477e-06
bn	1.377540442865477e-06
gs	1.0331553321491077e-06
pn	8.609627767909231e-07
v[	7.920857546476492e-06
aa	1.4464174650087507e-05
nç	2.755080885730954e-06
ço	3.4438511071636925e-07
h:	1.4980752316162062e-05
:e	0.00012019040364001287
:d	3.426631851627874e-05
dy	6.7155096589692e-06
gd	4.132621328596431e-06
ñá	2.0663106642982155e-06
uh	2.9272734410891384e-06
dd	5.510161771461908e-06
],	1.0331553321491077e-06
ty	4.993584105387354e-06
]-	1.0331553321491077e-06
?:	1.0331553321491077e-06
ow	7.748664991118307e-06
w[	3.4438511071636925e-06
ws	1.7219255535818462e-07
ó"	2.755080885730954e-06
gh	1.7219255535818462e-06
k[	1.56695225375948e-05
hs	2.755080885730954e-06
zú	6.7155096589692e-06
by	4.993584105387354e-06
ks	1.8941181089400309e-06
iw	1.7219255535818462e-07
wo	3.960428773238246e-06
"k	3.4438511071636925e-06
cy	6.887702214327385e-07
63	1.0331553321491077e-06
05	3.4438511071636925e-07
:p	0.00011226954609353638
31	1.377540442865477e-06
.¡	6.1989319928946464e-06
¿$	4.649198994670985e-06
ó;	8.609627767909231e-07
:n	8.420215957015228e-05
68	2.2385032196564e-06
:s	0.00013723746662047315
:q	2.8411771634100464e-05
:¿	0.00010004387466310527
,d	3.4438511071636925e-07
í,	1.377540442865477e-06
,s	2.2385032196564e-06
o'	1.0331553321491077e-06
'd	5.165776660745539e-07
zp	1.377540442865477e-06
kh	1.0331553321491077e-06
gg	1.377540442865477e-06
óñ	1.377540442865477e-06
:c	5.544600282533545e-05
iú	3.0994659964473232e-06
:l	3.8915517510949725e-05
:a	7.989734568619767e-05
:v	1.670267786974391e-05
:h	4.012086539845702e-05
iò	1.7219255535818462e-07
òn	1.7219255535818462e-07
:m	3.719359195736788e-05
:j	7.232087325043754e-06
:u	1.4808559760803877e-05
:b	5.2863114494962677e-05
:¡	1.9113373644758493e-05
:t	2.1868454530489447e-05
:g	5.510161771461908e-06
dk	2.2385032196564e-06
^!	5.165776660745539e-07
lj	1.7219255535818462e-07
93	1.2053478875072924e-06
:f	5.165776660745538e-06
:o	2.3762572639429477e-05
:i	4.993584105387354e-06
éñ	5.165776660745539e-07
cm	1.7219255535818462e-07
vv	1.7219255535818462e-07
vf	1.7219255535818462e-07
pà	1.7219255535818462e-07
às	1.7219255535818462e-07
dl	2.0663106642982155e-06
ú.	3.4438511071636925e-07
70	4.304813883954616e-06
üí	3.4438511071636925e-06
sy	1.5497329982236616e-06
ky	9.814975655416524e-06
59	1.7219255535818462e-06
h8	4.25315611734716e-05
8:	4.4770064393128e-05
h9	4.511444950384437e-05
9:	4.6319797391351666e-05
38	1.377540442865477e-06
i'	1.7219255535818462e-07
'l	8.609627767909231e-07
yp	1.7219255535818462e-07
fc	1.377540442865477e-06
hä	1.7219255535818462e-07
än	1.7219255535818462e-07
¡f	2.755080885730954e-06
21	3.7882362178800617e-06
h"	1.8941181089400309e-06
cq	1.7219255535818462e-06
53	8.609627767909231e-07
¿3	1.7219255535818462e-07
32	1.377540442865477e-06
97	2.0663106642982155e-06
-g	8.609627767909231e-07
i:	4.8213915500291694e-06
z.	8.609627767909231e-07
"w	3.4438511071636925e-07
ív	2.755080885730954e-06
75	2.755080885730954e-06
0.	3.4438511071636925e-07
aw	1.377540442865477e-06
pd	3.4438511071636925e-07
t"	2.4106957750145847e-06
sr	1.1881286319714738e-05
zb	5.165776660745539e-07
rö	6.887702214327385e-07
öe	6.887702214327385e-07
bm	1.2053478875072924e-06
wh	2.582888330372769e-06
:é	3.4438511071636925e-06
:r	3.4438511071636925e-06
03	8.609627767909231e-07
33	1.0331553321491077e-06
tx	1.377540442865477e-06
95	1.7219255535818462e-06
72	5.165776660745539e-07
¡$	1.0331553321491077e-06
:"	4.132621328596431e-06
ée	3.4438511071636925e-07
ká	3.4438511071636925e-07
:ú	5.165776660745539e-07
gt	4.649198994670985e-06
ñé	2.582888330372769e-06
64	1.8941181089400309e-06
44	3.4438511071636925e-07
]ñ	1.7219255535818462e-07
^ñ	1.7219255535818462e-07
m"	1.0331553321491077e-06
j"	5.165776660745539e-07
kl	1.2053478875072924e-06
.g	4.4770064393128e-06
xí	2.4106957750145847e-06
yc	2.2385032196564e-06
¡á	3.4438511071636925e-07
51	1.0331553321491077e-06
48	2.2385032196564e-06
rè	1.7219255535818462e-07
èn	1.7219255535818462e-07
tv	1.0331553321491077e-06
l!	1.0331553321491077e-06
55	1.377540442865477e-06
-o	1.7219255535818462e-06
,o	3.4438511071636925e-07
"'	3.4438511071636925e-07
'$	2.0663106642982155e-06
-k	5.165776660745539e-07
kw	3.4438511071636925e-07
,m	3.4438511071636925e-07
[$	3.4438511071636925e-07
¡"	1.0331553321491077e-06
y;	6.887702214327385e-07
l,	6.887702214327385e-07
,e	1.377540442865477e-06
tg	1.5497329982236616e-06
,l	1.377540442865477e-06
-r	1.2053478875072924e-06
rx	2.0663106642982155e-06
y,	5.165776660745539e-07
,a	8.609627767909231e-07
ml	4.304813883954616e-06
3"	1.7219255535818462e-07
¿g	1.377540442865477e-06
oé	2.9272734410891384e-06
ek	8.609627767909231e-07
kk	2.0663106642982155e-06
(¡	6.887702214327385e-07
é!	5.165776660745539e-07
.,	1.0331553321491077e-06
ó!	1.7219255535818462e-07
t-	1.7219255535818462e-06
lk	2.582888330372769e-06
x-	4.993584105387354e-06
á(	1.7219255535818462e-07
,t	5.165776660745539e-07
.0	3.4438511071636925e-07
!,	1.7219255535818462e-07
).	1.8941181089400309e-06
)[	5.165776660745539e-07
56	8.609627767909231e-07
.j	1.2053478875072924e-06
uk	5.165776660745538e-06
99	4.649198994670985e-06
92	3.960428773238246e-06
84	6.887702214327385e-07
f.	3.7882362178800617e-06
m.	2.2385032196564e-06
xs	3.4438511071636925e-07
yy	3.4438511071636925e-07
df	3.4438511071636925e-07
fü	1.7219255535818462e-07
üg	1.7219255535818462e-07
mc	8.609627767909231e-07
mj	3.4438511071636925e-07
-q	8.609627767909231e-07
0:	1.704706298046028e-05
26	2.0663106642982155e-06
29	2.4106957750145847e-06
"1	1.7219255535818462e-07
aó	1.7219255535818462e-06
3;	3.4438511071636925e-07
98	3.4438511071636925e-06
mf	6.887702214327385e-07
62	8.609627767909231e-07
74	5.165776660745539e-07
uw	7.232087325043754e-06
tn	1.2053478875072924e-06
82	1.5497329982236616e-06
07	1.7219255535818462e-07
73	1.0331553321491077e-06
77	1.2053478875072924e-06
6"	8.609627767909231e-07
85	1.5497329982236616e-06
88	2.4106957750145847e-06
76	1.0331553321491077e-06
02	3.4438511071636925e-07
52	1.8941181089400309e-06
42	8.609627767909231e-07
39	8.609627767909231e-07
¡(	1.7219255535818462e-07
":	2.0663106642982155e-06
o1	1.7219255535818462e-07
o2	5.165776660745539e-07
np	2.0663106642982155e-06
-m	3.4438511071636925e-06
hw	2.2385032196564e-06
zk	2.2385032196564e-06
mv	1.7219255535818462e-07
vm	1.7219255535818462e-07
úd	5.854546882178277e-06
xf	5.165776660745539e-07
wn	2.2385032196564e-06
ií	8.609627767909231e-07
46	1.0331553321491077e-06
uó	1.2053478875072924e-06
dc	6.887702214327385e-07
43	5.165776660745539e-07
kg	2.755080885730954e-06
fb	3.4438511071636925e-07
81	5.165776660745539e-07
87	1.8941181089400309e-06
94	5.165776660745539e-07
61	6.887702214327385e-07
96	1.5497329982236616e-06
3-	5.165776660745539e-07
gw	2.582888330372769e-06
kn	6.887702214327385e-07
n,	1.0331553321491077e-06
,g	3.4438511071636925e-07
b.	2.4106957750145847e-06
i;	6.887702214327385e-07
36	1.7219255535818462e-06
67	8.609627767909231e-07
47	6.887702214327385e-07
71	5.165776660745539e-07
td	1.377540442865477e-06
37	1.5497329982236616e-06
mt	1.5497329982236616e-06
íó	1.7219255535818462e-07
,v	5.165776660745539e-07
79	1.5497329982236616e-06
¡2	1.7219255535818462e-07
á-	1.7219255535818462e-07
54	3.4438511071636925e-07
]x	1.8941181089400309e-06
1b	1.7219255535818462e-07
-f	2.2385032196564e-06
2;	1.7219255535818462e-07
65	1.0331553321491077e-06
5;	1.7219255535818462e-07
úg	2.582888330372769e-06
6;	1.7219255535818462e-07
zx	1.7219255535818462e-07
c-	1.377540442865477e-06
-[	6.887702214327385e-07
hl	3.7882362178800617e-06
md	1.2053478875072924e-06
-u	1.0331553321491077e-06
tp	1.5497329982236616e-06
ú[	1.377540442865477e-06
rç	8.609627767909231e-07
ça	8.609627767909231e-07
u;	1.7219255535818462e-07
h,	5.165776660745539e-07
1[	1.7219255535818462e-07
rh	5.165776660745539e-07
ó:	8.609627767909231e-07
fm	1.7219255535818462e-07
l]	1.7219255535818462e-07
i)	1.7219255535818462e-07
mñ	1.7219255535818462e-07
d]	3.4438511071636925e-07
xj	1.7219255535818462e-07
)e	5.165776660745539e-07
tk	1.7219255535818462e-07
v1	3.4438511071636925e-07
dè	1.7219255535818462e-07
èl	1.7219255535818462e-07
hh	3.2716585518055076e-06
hj	2.755080885730954e-06
j:	2.582888330372769e-06
hk	2.2385032196564e-06
k:	2.2385032196564e-06
hm	2.9272734410891384e-06
m:	2.9272734410891384e-06
p:	1.377540442865477e-06
58	1.7219255535818462e-07
yw	6.887702214327385e-07
yn	6.887702214327385e-07
iy	3.4438511071636925e-07
2ò	1.5497329982236616e-06
ò$	1.7219255535818462e-07
òr	4.4770064393128e-06
(ò	2.582888330372769e-06
r2	2.755080885730954e-06
,5	1.2053478875072924e-06
5)	1.8941181089400309e-06
,1	2.4106957750145847e-06
1)	1.377540442865477e-06
4.	3.4438511071636925e-07
.5	1.7219255535818462e-07
(7	1.7219255535818462e-07
78	1.2053478875072924e-06
8,	6.887702214327385e-07
1+	1.7219255535818462e-07
+(	6.887702214327385e-07
.7	1.7219255535818462e-07
))	1.0331553321491077e-06
(5	3.4438511071636925e-07
2,	1.0331553321491077e-06
,6	1.7219255535818462e-07
(6	6.887702214327385e-07
4,	5.165776660745539e-07
)2	3.4438511071636925e-07
66	3.4438511071636925e-07
6,	5.165776660745539e-07
^+	5.165776660745539e-07
+$	3.4438511071636925e-07
^ò	3.4438511071636925e-07
,9	6.887702214327385e-07
((	6.887702214327385e-07
ò)	1.7219255535818462e-07
(4	5.165776660745539e-07
,7	1.7219255535818462e-07
7,	3.4438511071636925e-07
4+	1.7219255535818462e-07
4ò	3.4438511071636925e-07
)+	1.7219255535818462e-07
o(	3.4438511071636925e-07
áo	3.4438511071636925e-07
^'	1.8941181089400309e-06
a'	1.7219255535818462e-07
s'	5.165776660745539e-07
'"	1.7219255535818462e-07
r'	6.887702214327385e-07
'e	1.7219255535818462e-07
'p	5.165776660745539e-07
m,	1.7219255535818462e-07
q$	5.165776660745539e-07
k"	1.5497329982236616e-06
:á	5.165776660745539e-07
y?	5.165776660745539e-07
[n	1.7219255535818462e-07
s1	1.7219255535818462e-07
",	1.7219255535818462e-07
hy	1.0331553321491077e-06
q"	1.7219255535818462e-07
v"	5.165776660745539e-07
hv	6.887702214327385e-07
v:	6.887702214327385e-07
i,	3.4438511071636925e-07
hñ	2.0663106642982155e-06
ñ:	2.0663106642982155e-06
bp	3.4438511071636925e-07
-1	3.4438511071636925e-07
b;	1.7219255535818462e-07
,3	3.4438511071636925e-07
49	6.887702214327385e-07
p-	1.7219255535818462e-07
¿¡	8.609627767909231e-07
69	6.887702214327385e-07
-s	3.2716585518055076e-06
ók	1.7219255535818462e-07
mr	3.4438511071636925e-07
^#	5.165776660745539e-07
#p	5.165776660745539e-07
2%	1.7219255535818462e-07
%)	1.7219255535818462e-07
wm	1.7219255535818462e-07
"ó	3.4438511071636925e-07
fy	1.7219255535818462e-07
"á	5.165776660745539e-07
á?	3.4438511071636925e-07
vl	5.165776660745539e-07
d!	3.4438511071636925e-07
-á	1.7219255535818462e-07
n'	3.4438511071636925e-07
't	1.7219255535818462e-07
)a	3.4438511071636925e-07
k-	5.165776660745539e-07
z,	3.4438511071636925e-07
ói	6.887702214327385e-07
pb	5.165776660745539e-07
:ó	1.7219255535818462e-07
é,	1.7219255535818462e-07
yd	1.7219255535818462e-07
2a	3.80545547341588e-05
2b	1.1192516098282e-05
2c	1.0675938432207446e-05
y-	3.4438511071636925e-07
kt	3.4438511071636925e-07
kc	3.4438511071636925e-07
^/	9.987168210774709e-06
/s	5.165776660745539e-07
h/	5.165776660745539e-07
/$	9.987168210774709e-06
/c	1.7219255535818462e-07
/i	1.7219255535818462e-07
x/	8.609627767909231e-07
/x	3.4438511071636925e-07
/g	5.165776660745539e-07
g/	5.165776660745539e-07
/k	3.4438511071636925e-07
kx	3.4438511071636925e-07
/p	1.7219255535818462e-07
s/	3.4438511071636925e-07
"x	3.4438511071636925e-07
ék	1.7219255535818462e-07
!;	1.0331553321491077e-06
(+	1.7219255535818462e-07
+/	1.7219255535818462e-07
/-	1.7219255535818462e-07
xl	5.165776660745539e-07
'n	1.7219255535818462e-07
lw	1.7219255535818462e-07
gf	1.7219255535818462e-06
g.	6.887702214327385e-07
g,	1.7219255535818462e-07
dt	1.7219255535818462e-07
5-	3.4438511071636925e-07
-7	1.7219255535818462e-07
qi	3.4438511071636925e-07
uè	1.7219255535818462e-07
ès	1.7219255535818462e-07
9;	1.7219255535818462e-07
t'	8.609627767909231e-07
cb	3.4438511071636925e-07
e6	1.7219255535818462e-07
?¡	1.7219255535818462e-07
t!	1.7219255535818462e-07
éy	1.7219255535818462e-07
oó	1.7219255535818462e-07
r1	5.165776660745539e-07
dn	6.887702214327385e-07
vh	1.7219255535818462e-07
"í	1.7219255535818462e-07
áñ	8.609627767909231e-07
,y	6.887702214327385e-07
vd	3.4438511071636925e-07
"4	1.7219255535818462e-07
4-	1.7219255535818462e-07
!$	1.7219255535818462e-07
(9	1.7219255535818462e-07
06	3.4438511071636925e-07
jd	3.4438511071636925e-07
?!	1.7219255535818462e-07
z!	1.7219255535818462e-07
¡é	5.165776660745539e-07
oî	1.7219255535818462e-07
ît	1.7219255535818462e-07
xm	5.165776660745539e-07
u-	3.4438511071636925e-07
zé	3.4438511071636925e-07
'j	1.7219255535818462e-07
'u	1.7219255535818462e-07
!:	1.7219255535818462e-07
:9	1.7219255535818462e-07
¡ó	1.7219255535818462e-07
¡í	1.7219255535818462e-07
ú?	1.7219255535818462e-07
¡z	1.7219255535818462e-07
s0	1.7219255535818462e-07
!l	1.7219255535818462e-07
ú;	1.7219255535818462e-07
¡5	1.7219255535818462e-07
o9	1.7219255535818462e-07
2"	8.609627767909231e-07
pm	1.7219255535818462e-07
wk	1.7219255535818462e-07
sj	1.7219255535818462e-07
b-	1.7219255535818462e-07
-5	3.4438511071636925e-07
"2	1.7219255535818462e-07
57	1.7219255535818462e-07
xn	1.7219255535818462e-07
yr	5.165776660745539e-07
xv	1.7219255535818462e-07
t4	1.7219255535818462e-07
4"	1.7219255535818462e-07
hq	1.7219255535818462e-07
q:	1.7219255535818462e-07
t:	1.7219255535818462e-07
u:	1.7219255535818462e-07
w:	1.7219255535818462e-07
hx	1.7219255535818462e-07
x:	1.7219255535818462e-07
hz	1.7219255535818462e-07
a1	1.7219255535818462e-07
b1	1.7219255535818462e-07
c1	1.7219255535818462e-07
1e	1.7219255535818462e-07
f1	1.7219255535818462e-07
g1	1.7219255535818462e-07
i1	1.7219255535818462e-07
j1	1.7219255535818462e-07
sù	1.7219255535818462e-07
ùs	1.7219255535818462e-07
01	1.7219255535818462e-07
,f	1.7219255535818462e-07
-j	1.7219255535818462e-07
cg	1.7219255535818462e-07
¡ú	1.7219255535818462e-07
a¡	1.7219255535818462e-07
úz	5.165776660745539e-07
çi	2.4106957750145847e-06
;s	1.7219255535818462e-07
mx	5.165776660745539e-07
s(	1.7219255535818462e-07
f)	1.7219255535818462e-07
-8	1.7219255535818462e-07
i+	1.7219255535818462e-07
+d	1.7219255535818462e-07
js	1.7219255535818462e-07
-2	1.7219255535818462e-07
bü	3.4438511071636925e-07
ün	3.4438511071636925e-07
kö	1.7219255535818462e-07
öh	1.7219255535818462e-07
?-	1.7219255535818462e-07
]é	1.7219255535818462e-07
xé	1.7219255535818462e-07
r(	1.7219255535818462e-07
,,	3.4438511071636925e-07
p)	1.7219255535818462e-07
)r	1.7219255535818462e-07
lì	1.7219255535818462e-07
ì$	1.7219255535818462e-07
gv	3.4438511071636925e-07
^)	1.7219255535818462e-07
áy	1.7219255535818462e-07
.z	2.2385032196564e-06
;[	1.7219255535818462e-07
)l	1.7219255535818462e-07
n(	1.7219255535818462e-07
)p	1.7219255535818462e-07
](	3.4438511071636925e-07
2[	3.4438511071636925e-07
!y	1.7219255535818462e-07
!n	1.7219255535818462e-07
i(	1.7219255535818462e-07
)!	1.7219255535818462e-07
,j	1.7219255535818462e-07
1c	3.4438511071636925e-07
6[	1.7219255535818462e-07
z6	3.4438511071636925e-07
6.	1.7219255535818462e-07
41	1.7219255535818462e-07
q2	1.7219255535818462e-07
t3	1.7219255535818462e-07
0[	1.7219255535818462e-07
t2	1.7219255535818462e-07
2h	1.7219255535818462e-07
vc	3.4438511071636925e-07
nw	1.7219255535818462e-07
wl	1.7219255535818462e-07
