^f	0.007080312499426471
fa	0.0011092888094482677
ac	0.002853451319804352
ct	0.002540163581284346
ts	0.00018422326035005726
sh	0.003187257848559778
he	0.021510502936841935
ee	0.0025945056091467565
et	0.00294682651695323
t$	0.021045437263020536
^w	0.009511167448154815
wh	0.0028095599036587356
ha	0.0075174893764045235
at	0.009322253135358878
^b	0.014580717297279633
be	0.010063224183022997
e$	0.05034431527416189
^a	0.019843345945333213
ai	0.0020503319947755014
id	0.0016032579772418231
ds	0.0002513546999401742
s$	0.005674622587198444
cq	3.057351632998885e-05
qu	0.0008765791692499725
ui	0.0006838462897969426
ir	0.0016313639346449338
re	0.010144232758914505
^i	0.012088638444896705
im	0.00167689078120081
mm	0.0006807887459864573
mu	0.0007214208319607457
un	0.002627515936005781
ne	0.0040215118481792475
^d	0.005653052586111777
de	0.004205062487326495
ef	0.0009571860941946611
fi	0.0019256491632981397
ic	0.004182775664215119
ci	0.0015146353293345107
ie	0.0015031085236932211
en	0.008131458010329022
nc	0.002491396622305793
cy	0.00027762728412191265
y$	0.013504440736465255
^s	0.013022599889845787
sy	0.00032266792163690097
yn	7.935200595773269e-05
nd	0.008746591239821811
dr	0.0005628225176628647
ro	0.004691682788035641
om	0.0038047414087126717
me	0.004726826284995004
a$	0.005400498698655737
^c	0.008991275459204981
co	0.005221164433562672
on	0.010477303247896572
di	0.0023040043552030706
it	0.007759817499802994
ti	0.006783363690810139
io	0.0043265936080249786
n$	0.016646996179886315
ca	0.003242991241424572
au	0.0008066111899588647
us	0.0028931782498171454
se	0.0059538949106049425
by	0.0010925482285977723
^v	0.0012209785210622152
vi	0.001526761728733733
ru	0.0007922920454384834
al	0.0067612536709863585
ll	0.004530192202565679
l$	0.0070747066821447695
^h	0.00819811092797771
hi	0.003977145753641934
iv	0.0017082695211993052
v$	8.255560465797102e-05
hu	0.0004326683931443641
um	0.0007833788536138251
ma	0.003753916228853522
an	0.012943005740255042
no	0.0037578135882800866
o$	0.009173736452003678
^t	0.028719455202193152
th	0.02348613938615801
is	0.004463531597817529
af	0.0005675116483338793
ff	0.0010564111740331164
fe	0.001477189546086674
ec	0.002933158854112141
bo	0.0013963693041319513
od	0.0012400924938711956
dy	0.0004255616696929656
ce	0.0040430933799151065
ys	0.0003868821069816899
st	0.006733447510462214
te	0.006550988439438383
em	0.0020692307287995828
m$	0.0029397447765750788
so	0.0026388966867573176
^n	0.004546509992945837
ot	0.0033300034419948723
ig	0.001723883941978811
gh	0.0016542138377918045
ht	0.0009197825899938583
in	0.013546433439044082
nf	0.00039265127512693013
ho	0.003404032131576084
ow	0.002558155237572067
w$	0.0021328433986115736
tr	0.002602888391108628
ra	0.003936058207024601
ns	0.0016043457018155094
sm	0.00042717403880484324
mi	0.0019095100979804424
hr	0.000565891592122541
ou	0.007040800808198576
ug	0.0008174288606749064
h$	0.005674997333297153
^u	0.0020072900031202897
np	4.026694874990611e-05
pr	0.00275431656338456
ed	0.002250369540491042
d$	0.012584337210068913
ex	0.0012744519066855693
xu	3.036980819428083e-05
ua	0.0007948845197315976
nt	0.006275567352861685
er	0.012127769624701294
rc	0.0006695021622033141
ur	0.003064942643716306
rs	0.001180404088333882
wi	0.002816599364989853
^p	0.007151274036322871
pa	0.002116758142990101
ar	0.006472827933897056
rt	0.0023320315198367093
tn	6.64492095129816e-05
r$	0.011077761804518926
bl	0.001524249968984956
lo	0.002609013087603925
oo	0.0017502545366786732
^o	0.012147091149195714
or	0.007972976924297916
du	0.0008537311878779669
uc	0.0011422530137105281
fr	0.0013715380510990905
^m	0.006361906932229176
mo	0.002159048720673031
to	0.007274951779545749
ba	0.0011657774598350734
ab	0.001565883299663998
^g	0.0035174764236419317
gi	0.0009285132132063254
ve	0.007457362806197951
rm	0.001164336128686196
ta	0.0034421428489272697
do	0.001965929564472102
^y	0.002480803799248976
yo	0.0018092357290656043
u$	0.0016335451491169017
as	0.0038380111751784942
sp	0.0012149729746085591
pe	0.0029669724828648067
pn	6.862658043521916e-06
eu	0.0001793265779936042
ni	0.001920008754068866
ia	0.0015783902104865239
su	0.001899226680676918
ud	0.0005529522819553518
dd	0.0002927170603632272
li	0.0038766157886700285
dn	5.121530015677935e-05
es	0.00420968819942696
ss	0.002348731743415036
am	0.0015962089070363798
c$	0.0009291243376134495
we	0.0023646036820264746
ei	0.00047390583820118104
^l	0.00444013975415868
os	0.0018011104649356658
ny	0.0008091613852049453
mb	0.0006238561656057973
bi	0.0007247339718282987
na	0.0020076935758419753
of	0.006475024522567945
f$	0.0070227514986649
ft	0.0005564614428591521
eo	0.000497299603634895
op	0.001558071284837082
pl	0.0017921434634147826
le	0.005291685884014949
^r	0.004961163668504098
ej	2.6664626254233154e-05
je	0.0002704994211469973
il	0.0032176218914294636
ly	0.0031776047734120294
ri	0.004135254015349196
ea	0.0051372097768028575
av	0.003164561687402121
ey	0.0020980304469290197
ch	0.003921787106875848
^k	0.0010053323198917642
kn	0.0004723357481363372
va	0.0007280298157220651
cc	0.0005032378879682701
cu	0.000979155824453284
rr	0.0007724477981807384
tl	0.0007149079369426847
la	0.003372101842191285
^1	0.0009285516487036288
10	7.771465377260789e-05
0$	0.000305368104300641
wo	0.001759479056031489
rl	0.0006377025535093468
ld	0.0019924385269622564
dw	6.33916657024962e-05
fo	0.003198803871949719
tw	0.000615915391862915
ye	0.0009363982554781178
ut	0.0030573766160721318
^7	5.4378541584849104e-05
7$	0.00011485487481688248
sk	0.00032845630753079285
k$	0.0027400127930631
uk	6.334938665546247e-05
ep	0.0010725156474032406
po	0.0021899566258295595
ob	0.0006044231781691987
tu	0.0014327119886071804
lr	9.115554717960657e-05
ad	0.0017036130607009984
1$	0.00021088019950482972
^5	8.677390048701908e-05
50	4.763119003323738e-05
00	8.79999928509975e-05
el	0.003630776582592892
ev	0.0016774653918854958
fu	0.0005905767902656491
lt	0.0006878570339405524
rg	0.0006338032723079169
ga	0.0009357602262228814
sa	0.0016436998075044598
oj	4.780030622137234e-05
^4	9.918472256628665e-05
40	3.13825835482254e-05
^2	0.0002437175666259888
20	5.789154603837979e-05
^j	0.001004505956699741
ju	0.0004961619129147144
eg	0.0006869614868533832
nn	0.0004581338318827312
ng	0.0039938382901208
g$	0.003226089231485402
^e	0.0046985838815764664
pi	0.0007016669081216637
si	0.003190476821458938
ry	0.0018853053435536268
aj	8.734851117170489e-05
jo	0.00041359669938241745
mp	0.001495269604018193
gl	0.00043271259396626303
og	0.0005200361220647207
gr	0.001157244779433719
rn	0.0010221094144646978
dv	0.00012980820504276993
ul	0.0024216265858257977
sc	0.0009267201972571218
ol	0.0021807282629270133
^0	2.1352840526903393e-05
08	6.445632897780036e-06
81	2.0326612748902634e-05
^8	4.8640121837451615e-05
84	2.1231768710397684e-05
78	1.5410712643797885e-05
87	2.7911858141728454e-05
79	1.9511780206070574e-05
9$	0.00011813726628659276
dm	9.850249248915132e-05
ay	0.0022748510304984424
ck	0.001097033651133079
oa	0.0004294974646168337
e2	5.380969622475879e-07
2$	0.00019432218726652537
7n	3.651372243822918e-08
07	5.81529074200429e-06
71	1.3173766700740055e-05
73	1.3248715920481683e-05
39	1.0829201365232708e-05
23	1.8003186936912158e-05
33	1.1275053133952138e-05
31	1.8366402386429278e-05
nk	0.0006008486769199826
up	0.0010339340952100885
pp	0.0008616335261235458
p$	0.0017183146384195484
ox	0.00010648554527906732
x$	0.00031936246886880864
^6	6.944717830264674e-05
64	1.1582537112379331e-05
46	8.375094862410672e-06
6$	0.00012432345957757486
e9	1.0185406785400772e-07
6q	1.729597378652961e-08
qp	6.841518520005047e-07
lp	0.0001540590820663496
80	3.974614776144505e-05
56	8.730623212467114e-06
67	1.0788844093064138e-05
12	4.434111146406642e-05
3$	0.00015152810456892077
bu	0.0015187075702738058
hy	0.0002673823023156916
yg	1.2637591513357638e-05
ov	0.0013077062989524703
pm	0.00010580715875166233
63	9.059246714411178e-06
36	1.3715707212717983e-05
86	2.8738221333751537e-05
38	1.827992251749663e-05
8$	0.00012354321898231586
ae	9.379222229461975e-05
ph	0.00045714027427743836
oc	0.0010022017486364023
ty	0.0015583614728417227
rv	0.0004142289633130584
^9	4.0755079565659276e-05
92	4.176208959500834e-05
28	1.7597692440361297e-05
02	7.6217591152640494e-06
da	0.001168644747933907
43	8.47887070512985e-06
30	4.567097967076403e-05
34	1.0489047214097626e-05
41	8.770980484635684e-06
ue	0.0008493553065099748
96	4.381070160127951e-05
68	1.2222488142480927e-05
89	3.93848540867931e-05
90	5.491279499736635e-05
09	5.4866672400602275e-06
pu	0.0006953308163911983
vo	0.0004068666438045923
wn	0.0004958121498892535
ge	0.002762218901630139
nu	0.0004924778704981835
wa	0.0016031638102734298
i$	0.002462066494313569
ew	0.0007225316178328139
tf	4.613028386353965e-05
rw	0.00011115545820143032
rd	0.001327014371022833
cl	0.0010131597089176013
bs	0.00019471999466361554
lu	0.0007691135187896685
az	9.368844645190057e-05
ze	0.00023494466436648794
uf	0.00012765581719377956
ki	0.0004930236545598918
uy	7.312929894431238e-05
ik	0.00045514547196739193
ke	0.0019997009141777336
ap	0.0012692112266282508
nv	0.0003535470001704518
lv	0.00021049392275693056
0p	3.905046526025353e-06
^3	0.00016289540289640106
xt	0.0003101341059662625
lf	0.00033530359137539344
4$	0.0001404855861936542
ub	0.0005369708021765984
b$	0.00032988226448074897
rk	0.0007275724333041547
5$	0.0001596956477458931
ag	0.0014073906829837012
lw	0.00011508548780070288
go	0.001232835871980314
sl	0.00039541863093277486
ak	0.0011246726172439532
gu	0.0005387830358744536
sw	0.00019295580533738955
lk	0.00019619591776006608
tb	3.76514131584098e-05
if	0.0013737250308956538
nl	0.00046015553904089
ok	0.0004947436430642189
cr	0.0009605011558370793
ip	0.0005207779271626763
pt	0.0005205434706291256
tt	0.0009579490388161336
xi	0.0001675999077663371
tm	0.00018901616686379112
bv	3.930029599272562e-05
xp	0.00040412619284685994
eq	0.00028284874643057944
ek	0.00018641792724608135
ix	0.00015991088653079211
bj	0.00011399584145215151
ls	0.00040028072134165485
24	2.1310561479869652e-05
wr	0.00019007122126476944
ja	0.00017461054247447713
13	3.179960869396728e-05
32	1.2283984938166365e-05
w5	7.11056700112884e-08
5t	4.0049788190141905e-06
ws	6.979886310297284e-05
my	0.00014478844011676974
bb	8.97526515280325e-05
bc	1.9542528603913293e-05
sr	3.796658423629767e-05
eb	0.00018068719459814452
br	0.0008424426823199586
hd	2.7854204895773357e-05
yl	9.760118007738661e-05
dl	0.0002614171131342041
lc	8.450428437125335e-05
ib	0.0005479537455310447
xo	1.4659298671516431e-05
sg	2.467943281851259e-05
pf	1.2160991346795488e-05
fy	0.00010046846817622018
hc	1.2762506879593685e-05
yd	4.0503327058322016e-05
oy	0.00027962400820682424
ym	0.00013870410089364166
hw	2.371470183619727e-05
iu	7.565835466687604e-05
nw	4.784642881813642e-05
ln	2.901303513947084e-05
bt	9.342131974564195e-05
21	2.0378500670262224e-05
gg	0.00017649772539207403
ka	0.00013754719242480934
ps	0.0001796090788987842
kl	9.56563439138346e-05
oi	0.0004948839326293763
mc	4.137196929737883e-05
oh	0.0002519696678970286
hn	0.00016746346175091004
kf	1.7618831963878167e-05
ah	0.000262037846415654
gn	0.00039037973723629924
oz	2.9603020023078018e-05
zi	5.639256164354722e-05
ms	0.00017111099044500263
yc	6.636849496864447e-05
yi	5.0763683063464415e-05
ks	8.101241944123954e-05
nm	0.00021533487364229368
aw	0.00041644476973259935
eh	0.0001882436133679928
rf	0.00018168459575316774
gm	3.919459837514127e-05
fl	0.0004153032354626884
^q	0.00040231395914900464
xh	2.9727935389314065e-05
rp	0.00025215031473435455
vu	1.2443492251975471e-05
ax	0.00011748962815703049
dc	2.685872551561532e-05
7t	3.57834479894646e-06
sb	6.692004435494824e-05
lb	5.101543557080168e-05
lg	3.3663730313182134e-05
j$	1.258570359199805e-05
22	2.057067815677922e-05
lm	0.00015850222555462254
wl	9.746857761168988e-05
dg	0.00020471322396249932
9t	4.154877258497447e-06
25	2.996431369772997e-05
2n	2.9691421666875836e-06
nq	3.3325497936912226e-05
gy	0.00014428109155236487
ko	5.8427721225762206e-05
sf	0.00010732536089514659
cs	7.144198061269315e-05
gt	8.193679315138628e-05
19	0.0004838625537776266
98	0.00015784497855073442
yr	3.6717430573937196e-05
xc	0.00014616635269509658
70	2.9603020023078018e-05
99	9.926928066035413e-05
15	4.469087448952735e-05
91	4.3864511297504266e-05
nj	7.592548137313466e-05
c1	1.8506691951586686e-06
wt	3.4716862939295275e-05
88	3.362721659074391e-05
83	2.150850429098216e-05
hb	2.86959422867178e-05
rh	0.00011425528105894945
ii	4.971439398708162e-05
pc	1.6312025055562594e-05
cp	8.699874814624396e-06
hl	8.252293448526312e-05
tc	0.0002815707661452414
py	9.785869790931938e-05
60	3.1509420689326615e-05
iz	0.00022652344690731317
za	9.998994623479287e-05
gp	5.309863952464591e-06
db	2.415671005518636e-05
sd	4.626480810410155e-05
yt	0.00012923743790781443
a4	1.120394746394085e-06
yp	0.00011670938756177149
yb	5.343879367578099e-05
45	1.4649689797190582e-05
53	9.040028965759478e-06
29	1.5280031952966327e-05
93	3.719403074049935e-05
18	7.790106593452937e-05
n1	7.706317209331528e-07
2l	4.266340200677305e-07
nb	4.479080678251619e-05
sq	5.6755777093064343e-05
ky	6.438522330778906e-05
0s	4.413548155349323e-05
td	1.6744424400225836e-05
oe	0.0001004415633281078
hf	1.1567162913457972e-05
xy	1.1924613038379583e-05
rb	0.00017068627819980008
xa	0.0001720526601289359
bn	7.031774231656873e-06
95	3.130955610334894e-05
16	3.9703868714411315e-05
^z	5.807219287570576e-05
wy	2.365320504051183e-05
ya	0.0001222921435450902
wc	1.1895786415402034e-05
c2	1.299119808854891e-06
sn	6.929151453856797e-05
iy	4.827498461306932e-06
nz	2.3509071925624085e-05
tg	1.7255616514361044e-05
6t	3.4726471813621125e-06
kd	6.745429776746549e-06
1s	5.138825989464465e-06
gd	2.1619967233162017e-05
nr	5.093664280132971e-05
nh	7.462251801454943e-05
xe	8.953933451799864e-05
ux	2.3480245302646535e-05
xb	1.8545127448890086e-06
yw	4.774649652514758e-05
w4	6.149679568543863e-08
49	7.752439806095607e-06
75	1.8462491129687778e-05
58	8.734466762197454e-06
11	3.614281988925138e-05
bd	1.0550544009783063e-05
mt	9.39555731581592e-06
gs	5.338498397955624e-05
kc	2.9249413447886747e-06
cm	1.4198072703875642e-05
mg	4.4200821898909015e-06
vy	3.632154495171219e-05
cd	1.5070558492662803e-05
14	3.2495291195158806e-05
ml	3.2401124226765475e-05
m2	9.282172598770893e-07
03	6.4091191753418066e-06
bm	2.6624268982064586e-05
mj	4.977396900790189e-07
uo	4.968941091383441e-05
iq	5.6502102810861904e-05
hs	2.3770433307287198e-05
55	1.0596666606547143e-05
mw	6.6301232848363515e-06
85	2.7145069970525642e-05
mn	4.659343160604561e-05
51	8.863225678163841e-06
26	1.6238997610686137e-05
fk	1.4009738767088987e-06
97	7.703242369547256e-05
77	1.5933435407124114e-05
kh	2.468904169283844e-05
zu	6.664715232409411e-06
ku	2.2119628698106206e-05
ji	2.680683759425573e-05
mh	2.0880083910071582e-05
tp	2.5757548517872935e-05
ao	2.2765345052803312e-05
ré	4.47389188611566e-06
é$	9.687667095321754e-06
65	1.3352491763200862e-05
kt	1.1947674336761622e-05
má	3.59371899786782e-07
án	1.1280818458547648e-06
ló	2.6712670625862404e-07
óp	7.11056700112884e-08
ez	3.256447509030492e-05
z$	4.899372841264288e-05
rá	3.3438882653957253e-07
35	1.3973225044650758e-05
uj	3.607171421924009e-06
zú	2.498307324720944e-08
úñ	2.498307324720944e-08
ñi	3.2670172707889266e-08
pá	1.0377584271917768e-07
áe	2.8826622977549355e-08
dh	2.8457642203436723e-05
ij	7.285448513859307e-06
fg	3.5226133278565313e-06
82	1.8477865328609138e-05
iw	5.271428455161192e-06
37	1.839907255913717e-05
aq	2.323810166963512e-05
q$	1.9434909211463775e-05
qi	4.754471016430474e-06
uw	5.890239961745918e-06
17	4.1414248344412574e-05
27	1.6486906568293062e-05
72	1.2941231942054491e-05
76	1.4555522828797255e-05
44	9.35520004364735e-06
47	9.633857399096995e-06
wd	2.737376117948087e-05
zo	3.658482810824047e-05
gf	7.981131015050832e-06
hh	5.073485644048686e-06
^à	9.455132336636189e-07
à$	1.2799020602031914e-06
ih	8.292458543208364e-06
dq	5.477058365734378e-06
kv	6.341857055060858e-07
61	9.130352384422466e-06
0t	5.926753684184147e-06
hv	1.4470964734729776e-06
xl	2.2965209638780986e-06
tv	2.0207462707262098e-05
pd	9.977855099962417e-06
gj	2.7097025598896393e-07
wf	1.4816884210460369e-05
wk	9.754929215602702e-06
cz	6.499442594004794e-06
dt	1.341014500915596e-05
df	2.7890718618211587e-05
lh	9.549299305029516e-06
62	9.614639650445295e-06
tz	2.0238211105104817e-05
uz	1.7520821445754498e-05
sú	2.3061298382039483e-08
ús	3.2670172707889266e-08
tá	2.536742822024343e-07
á$	5.976719830678567e-07
lí	3.9588562222501116e-07
ís	1.7680328759563604e-07
sá	1.0761939244951759e-07
gü	1.7680328759563604e-07
üi	7.687099460679829e-09
pk	4.894760581587881e-06
yu	1.1963048535682982e-05
fn	2.69048481123794e-06
zh	3.993448169823171e-06
^x	2.410674390869194e-05
hm	7.817972328997901e-05
uh	6.2707513850495695e-06
qa	2.0351595822149843e-06
fs	1.162097260968273e-05
kr	1.916778250520515e-05
vl	4.176016782014317e-06
kw	1.745740287520389e-05
zá	3.7474609870814164e-07
ál	3.8627674789916136e-07
cí	2.6712670625862404e-07
ía	5.919066584723468e-07
dj	2.50176651947825e-05
kk	3.1421019045528797e-06
74	1.3542747474852688e-05
gz	4.785219414273193e-07
fp	2.2849903146870788e-06
zb	2.734685633136849e-06
zc	6.745429776746549e-07
ué	1.431722274551618e-06
rí	4.785219414273193e-07
ío	4.996614649441888e-08
bé	8.647986893264807e-07
66	1.1077110322839632e-05
mr	0.0001419691963895654
kg	1.6707910677787606e-05
jv	3.382323762699124e-07
vp	9.512785582591287e-07
5a	8.167543176972317e-07
zm	9.954793801580377e-07
42	9.676136446130734e-06
4a	8.359720663489313e-07
zz	2.865558501454923e-05
zl	1.115205954258126e-05
xf	2.3368782360466678e-05
69	1.0546700460052723e-05
dü	2.517525073372644e-07
ür	7.744752706634927e-07
xq	1.3106504580459107e-06
94	2.9760605562021954e-05
cé	1.3971303269785588e-06
éz	5.284880879217382e-07
yz	2.7923388790919476e-06
wö	1.0185406785400772e-07
öl	3.6513722438229184e-07
oq	4.337445870688593e-06
nç	9.801051812366782e-07
ça	1.6411957348551433e-06
48	1.1838133169446935e-05
wm	6.70122895484764e-06
^é	1.8045465983945895e-06
él	1.9044788913834274e-06
rö	3.267017270788927e-07
ö$	3.0171865383168324e-07
fé	2.1370136500689923e-06
én	9.83948730967018e-07
né	1.2837456099335314e-06
éo	1.1319253955851048e-06
rx	8.54036750081529e-06
sé	1.912165990844107e-06
ée	2.9595332923617337e-06
jk	6.630123284836351e-07
lé	2.561725895271553e-06
ér	3.1670849778000893e-06
éc	9.801051812366782e-07
uv	1.654071626451782e-05
vr	8.11373348074756e-06
04	6.2496118615327e-06
zü	7.11056700112884e-08
mv	1.5009061696977363e-06
pw	8.121420580208238e-06
wu	2.373391958484897e-06
rz	4.2855579493290045e-06
ró	4.2279047033739053e-07
ó$	3.4399770086542233e-07
vs	4.837107335632782e-06
zt	8.840164379781803e-07
km	1.4824571309921049e-05
wp	5.434779318700638e-06
fm	3.6436851443622386e-06
kä	9.80105181236678e-08
ät	1.8833393678665578e-07
54	8.678735291107526e-06
tk	5.109999366486916e-06
06	5.709593124419942e-06
gè	1.0377584271917768e-07
èn	2.3061298382039484e-07
nô	1.729597378652961e-08
ôt	8.53268040135461e-07
lz	2.67703238718175e-06
és	1.9890369854509054e-06
8t	3.793583583845495e-06
oë	3.824331981688214e-07
ël	9.032341866298798e-08
59	8.213665773736396e-06
zy	1.4273021923617271e-05
hk	3.265095495923757e-06
nx	1.4622784949078203e-05
rü	4.7660016656214934e-07
üc	2.9210977950583344e-07
jl	5.035050146745288e-07
üs	2.901880046406635e-07
zù	5.765324595509871e-09
ù$	6.726212028094849e-08
gé	9.41669683933279e-07
të	1.1722826677536738e-07
ë$	3.709025489778017e-07
yv	2.044768456540834e-06
rq	6.157366668004542e-06
md	4.408551540699882e-06
oè	1.921774865169957e-08
èt	5.957502082026867e-08
yf	8.219431098331907e-06
sz	2.548273471215363e-06
gw	8.676813516242356e-06
pb	1.2677948785526206e-05
aa	2.1766022122914935e-05
mf	3.1936054709394344e-05
dp	1.2804785926627424e-05
wb	1.0129675314310844e-05
yh	6.111244071240464e-06
fh	1.5566376407876653e-06
i5	7.033696006522043e-07
i6	4.708348419666395e-07
hö	3.6898077411263173e-07
cg	8.175230276432997e-06
iè	1.3317899815627802e-06
èr	1.5412634418663055e-06
kp	9.722259042894812e-06
2h	2.594396067979442e-07
7a	7.917712444500223e-07
sj	1.5758553894393648e-06
hp	7.710160759061867e-06
rj	3.908890075755693e-06
bh	5.890239961745918e-06
fü	1.024306003135587e-06
üh	9.339825844725991e-07
jr	8.667204641916506e-07
vv	1.520123918349436e-06
hé	2.6059267171704617e-06
éd	5.304098627869081e-07
gb	1.4620863174213034e-05
kb	1.210333810084039e-05
zg	8.9362531230403e-07
fá	1.0185406785400772e-07
ái	1.9409926138216567e-07
bp	4.320149896902063e-06
vd	1.5796989391697047e-06
ác	3.036404286968532e-07
éi	1.4989843948325664e-07
57	8.348190014298294e-06
01	8.926644248714451e-06
cn	8.563428799197329e-06
52	8.94009667277064e-06
dá	1.422113400225768e-07
aç	1.1953439661357134e-06
dú	3.0748397842719315e-08
ún	3.651372243822918e-08
nä	5.957502082026867e-08
äi	2.6904848112379398e-08
aï	9.147648358208996e-07
ïv	5.630800354947974e-07
dk	3.409228610811504e-06
yx	7.475704225511133e-07
cv	1.437487599147128e-06
m6	4.362428943935802e-07
mé	1.2184052645177528e-06
pg	6.3360917304653485e-06
4d	1.9025571165182575e-07
zs	1.78917239947323e-06
b5	1.78725062460806e-07
bg	2.1177959014172926e-06
rè	1.3375553061582901e-06
ès	1.1242382961244249e-06
uu	4.02804011739623e-06
yk	3.58603189840714e-06
kj	7.264308990342437e-07
o2	5.669235852251374e-07
xx	2.22925884359715e-06
05	6.8319096456791975e-06
p1	1.7488151273046608e-06
p4	6.553252290229554e-07
4t	3.4957084797441517e-06
pv	1.9948023100464154e-06
vc	1.7488151273046608e-06
a1	1.3106504580459107e-06
bf	2.1562313987206916e-06
a2	1.0146971288097372e-06
qm	3.497630254609322e-07
qs	2.4406540787658455e-07
8p	1.6681005829675227e-06
gk	1.9044788913834274e-06
w6	1.5758553894393647e-07
w9	4.8044371629248924e-08
y0	2.8826622977549355e-08
0u	1.921774865169957e-08
w1	1.6930836562147321e-06
1m	1.164595568292994e-06
gc	4.879386382666521e-06
té	1.912165990844107e-06
1a	1.3759908034616893e-06
1d	2.017863608428455e-07
l5	1.0761939244951759e-07
9r	3.0748397842719315e-08
5m	2.2561636917095296e-06
vh	6.783865274049948e-07
3c	4.996614649441888e-07
8k	2.017863608428455e-07
g1	5.438622868430978e-07
2a	1.0185406785400771e-06
xd	7.302744487645837e-07
vé	4.7660016656214934e-07
fw	2.9249413447886747e-06
hâ	6.918389514611845e-07
ât	9.685745320456583e-07
0c	1.4509400232033175e-06
pä	4.996614649441888e-08
zd	8.186760925624017e-07
oû	6.726212028094849e-08
ût	7.302744487645836e-08
0g	1.4509400232033175e-06
2k	3.267017270788927e-07
gâ	6.149679568543863e-08
0m	7.516061497679702e-06
4k	2.22925884359715e-07
1k	1.7680328759563604e-07
pâ	2.017863608428455e-07
5p	2.331112911451158e-06
dé	1.9948023100464154e-06
ém	8.129107679668918e-07
èm	2.767355805844738e-07
gô	5.765324595509871e-09
ôu	1.9217748651699572e-09
ié	3.8627674789916136e-07
éa	4.862090408879991e-07
cô	4.1318159601154074e-07
0k	1.9467579384171665e-06
a3	7.283526738994137e-07
aî	2.5559605706760427e-07
ît	2.190823346293751e-07
mè	1.1915004164053733e-07
gî	1.1530649191019742e-08
sv	5.496276114386077e-06
hj	3.2093640248338284e-07
^ç	9.224519352815793e-08
lè	2.9210977950583344e-07
èg	2.863444549103236e-07
fê	1.8449038705631587e-07
êt	5.380969622475879e-07
rê	4.054944965508609e-07
êp	1.249153662360472e-07
hg	2.9729857164179235e-06
cx	4.7275661683180945e-07
rû	1.5374198921359658e-08
ûl	3.2670172707889266e-08
b4	3.6513722438229184e-07
9p	1.2241705891132627e-06
7p	1.3164157826414207e-06
0x	2.6712670625862404e-07
x1	1.0512108512479664e-06
2p	1.5470287664618154e-06
6p	1.4182698504954282e-06
8c	3.13249303022703e-07
0a	1.1857350918098635e-06
4p	1.4163480756302583e-06
ég	1.2280141388436024e-06
tj	1.0377584271917768e-06
p8	1.518202143484266e-07
p7	8.244414171579116e-07
p2	1.0781156993603458e-06
p6	4.3047756979807036e-07
p3	8.263631920230815e-07
cb	5.256054256239833e-06
b8	7.302744487645836e-08
7q	4.420082189890901e-08
qb	7.667881712028128e-07
p5	8.282849668882514e-07
5b	7.763970455286627e-07
wg	1.3548512799448196e-06
s4	5.035050146745288e-07
s2	9.935576052928677e-07
7e	8.071454433713819e-08
3f	2.6136138166311413e-07
5i	2.6712670625862404e-07
3l	2.017863608428455e-07
6d	5.669235852251374e-07
6i	4.91974365483509e-07
2i	4.5353886818010985e-07
9i	1.921774865169957e-07
o3	6.918389514611845e-08
3i	5.035050146745288e-07
8i	3.805114233036515e-07
zw	8.955470871692e-07
0f	1.162673793427824e-06
5f	7.917712444500223e-07
xw	3.4957084797441517e-06
4f	3.1901462761821287e-07
7f	2.536742822024343e-07
1f	1.7680328759563604e-07
l2	3.2093640248338284e-07
4i	4.477735435846e-07
4o	3.939638473598412e-07
m9	1.5950731380910644e-07
8f	2.901880046406635e-07
m1	1.1665173431581638e-06
2f	5.092703392700386e-07
6f	7.264308990342437e-07
8m	7.398833230904334e-07
g7	2.6712670625862404e-07
5j	2.498307324720944e-08
jj	4.0933804628120085e-07
mö	1.5758553894393647e-07
ön	4.03572721685691e-07
7s	4.266340200677305e-07
4s	3.1901462761821287e-07
v8	4.266340200677305e-07
0i	3.6898077411263173e-07
fc	4.47197011125049e-06
f1	1.3029633585852309e-06
2x	3.478412505957622e-07
3a	1.0070100293490575e-06
p9	3.1132752815753304e-07
o5	5.573147108992875e-08
e1	9.628092074501484e-07
2r	9.416696839332789e-08
xg	3.13249303022703e-07
t2	6.956825011915244e-07
t3	3.5552835005644205e-07
k1	2.6712670625862404e-07
k8	9.80105181236678e-08
k2	3.1901462761821287e-07
k6	4.996614649441888e-08
6e	9.80105181236678e-08
6c	3.7282432384297167e-07
1b	6.803083022701648e-07
1g	2.594396067979442e-07
vb	2.402218581462446e-07
1y	1.0377584271917768e-07
a7	2.767355805844738e-07
^½	1.8103119229900995e-06
½$	2.9922034650696232e-06
hq	2.773121130440248e-06
9a	8.820946631130103e-07
8a	6.553252290229554e-07
jt	6.437945798319355e-07
èb	5.765324595509871e-08
fb	1.5335763424056256e-06
là	6.726212028094849e-08
gö	2.8057913031481373e-07
öt	2.056299105731854e-07
dä	2.3061298382039483e-08
äm	3.2670172707889266e-08
zp	3.5168480032610216e-07
éb	5.457840617082678e-07
7m	3.6513722438229184e-07
mê	8.840164379781802e-08
êl	7.494921974162832e-08
e8	5.573147108992875e-08
jn	9.647309823153184e-07
vm	1.7199885043271115e-06
zv	1.0973334480120455e-06
zr	1.2856673847987013e-06
rç	5.573147108992875e-08
çi	9.032341866298798e-08
ét	1.1742044426188437e-06
jw	1.2683714110121715e-07
3r	2.413749230653466e-06
4b	4.785219414273193e-07
yj	9.37826134202939e-07
ép	5.208009884610584e-07
bê	7.302744487645836e-08
fd	1.7737982005518702e-06
aú	1.6719441326978626e-07
úl	1.7680328759563604e-07
n4	2.1139523516869527e-07
kö	2.517525073372644e-07
öh	1.6142908867427638e-07
lj	1.523967468079776e-06
9½	8.071454433713819e-08
yy	7.245091241690738e-07
h8	2.017863608428455e-07
bk	8.302067417534214e-07
1p	1.3241028821021003e-06
8o	5.169574387307185e-07
tx	3.8819852276433133e-07
^¾	2.901880046406635e-07
¾$	3.2862350194406267e-07
1½	5.938284333375167e-07
2½	5.938284333375167e-07
4l	2.844226800451536e-07
6g	1.2683714110121715e-07
2g	2.190823346293751e-07
8g	9.224519352815793e-08
1o	3.2862350194406267e-07
7g	6.341857055060857e-08
5g	9.801051812366782e-07
b1	7.418050979556034e-07
b6	1.6335086353944635e-07
5c	9.570438828546385e-07
r8	8.840164379781802e-08
7j	4.0357272168569095e-08
jg	9.032341866298798e-08
e5	2.4406540787658455e-07
9n	5.573147108992875e-08
u1	2.1331701003386524e-07
ww	1.470157771855017e-06
bw	3.1843809515866186e-06
s7	3.6513722438229184e-07
0e	1.748815127304661e-07
r2	7.62944621472473e-07
8n	5.765324595509871e-08
wv	1.2299359137087726e-07
v2	2.536742822024343e-07
0w	1.3644601542706695e-07
l1	5.957502082026867e-07
r1	9.282172598770893e-07
2u	8.840164379781802e-08
9b	3.4591947573059225e-07
bq	1.4605488975291672e-07
1r	1.3644601542706695e-07
d2	5.553929360341175e-07
4y	2.8826622977549355e-08
6m	1.3164157826414207e-06
mk	1.7219102791922815e-06
0h	4.1318159601154074e-07
c6	3.843549730339914e-07
c7	9.608874325849785e-08
cw	1.3490859553493097e-06
8d	1.3644601542706695e-07
t1	4.650695173711296e-07
f2	2.632831565282841e-07
7x	3.0748397842719315e-08
3d	7.110567001128841e-07
5d	1.3260246569672703e-07
7h	8.647986893264806e-08
5e	8.45580940674781e-08
c5	3.1517107788787293e-07
c8	1.1338471704502746e-07
s6	5.592364857644575e-07
2d	3.305452768092326e-07
e7	3.0171865383168324e-07
8x	9.608874325849785e-08
x4	2.3830008328107467e-07
5x	9.80105181236678e-08
x2	5.111921141352085e-07
x3	1.7103796300012618e-07
3m	1.0089318042142275e-06
9x	1.7295973786529612e-07
4m	9.339825844725991e-07
4x	2.9979687896651327e-07
7r	3.843549730339914e-08
h3	2.7097025598896393e-07
b9	8.647986893264806e-08
3j	7.11056700112884e-08
jz	5.573147108992875e-08
dz	1.9429143886868266e-06
4r	3.0748397842719315e-08
3n	9.80105181236678e-08
jy	2.901880046406635e-07
k9	4.6122596764078967e-08
c4	3.6898077411263173e-07
4n	6.534034541577853e-08
1t	1.2337794634391123e-06
h1	4.804437162924892e-07
1z	7.687099460679829e-09
5n	1.0569761758434763e-07
8r	6.918389514611845e-08
4e	1.4413311488774678e-07
1u	6.149679568543863e-08
8b	4.266340200677305e-07
d4	6.783865274049948e-07
dx	5.534711611689476e-07
1l	3.4207592600025236e-07
1j	2.6904848112379398e-08
u2	6.553252290229554e-07
1e	2.017863608428455e-07
qt	3.4207592600025236e-07
8q	3.2670172707889266e-08
qg	6.918389514611845e-08
n2	3.5552835005644205e-07
g8	3.651372243822918e-08
w3	1.8449038705631587e-07
1h	2.4406540787658455e-07
2e	1.479766646180867e-07
9e	2.017863608428455e-07
9s	2.3061298382039484e-07
9q	7.687099460679829e-09
w2	1.6335086353944635e-07
8j	3.459194757305922e-08
9l	2.056299105731854e-07
0b	7.667881712028128e-07
h6	5.957502082026867e-08
9h	6.341857055060857e-08
0r	2.4790895760692444e-07
1n	2.0947346030352532e-07
6a	8.148325428320618e-07
d1	7.667881712028128e-07
1w	6.726212028094849e-08
e6	2.22925884359715e-07
3b	5.400187371127579e-07
2t	1.3260246569672703e-06
3t	1.387521452652709e-06
n8	8.263631920230815e-08
5q	6.918389514611845e-08
qd	3.0171865383168324e-07
d3	2.286912089552249e-07
pz	8.571115898658008e-07
6h	1.691161881349562e-07
px	4.708348419666395e-07
g3	2.402218581462446e-07
hz	3.082526883732611e-06
l6	1.2683714110121715e-07
0d	4.785219414273193e-07
r6	1.78725062460806e-07
3p	1.3068069083155708e-06
3h	1.0954116731468755e-07
o7	2.498307324720944e-08
9d	1.4413311488774678e-07
b2	5.669235852251374e-07
2y	3.651372243822918e-08
6l	1.921774865169957e-07
s8	3.612936746519519e-07
n3	2.421436330114146e-07
g2	2.498307324720944e-07
o1	2.1331701003386524e-07
x6	8.647986893264806e-08
s1	1.6488828343158232e-06
1x	2.5559605706760427e-07
3s	3.3438882653957253e-07
xm	1.4874537456415468e-06
k3	1.210718165057073e-07
l0	7.302744487645836e-08
vt	8.955470871692e-07
m4	8.225196422927416e-07
k4	1.7680328759563604e-07
pé	1.5316545675404556e-06
5k	3.978073970901811e-07
0v	1.691161881349562e-07
8½	9.224519352815793e-08
9m	2.9979687896651327e-07
2s	6.322639306409158e-07
8s	3.2477995221372273e-07
6s	6.803083022701648e-07
cj	4.554606430452798e-07
t4	2.3637830841590472e-07
a9	1.383677902922369e-07
c3	4.881308157531691e-07
4h	1.7103796300012618e-07
5s	5.650018103599674e-07
uq	1.1011769977423854e-06
cè	5.573147108992875e-08
în	6.534034541577853e-08
év	3.267017270788927e-07
dè	1.4605488975291672e-07
lx	6.284203809105759e-07
tà	2.0755168543835535e-07
uë	1.729597378652961e-08
ës	6.149679568543863e-08
^è	2.6904848112379398e-08
èl	1.921774865169957e-07
èv	1.3644601542706695e-07
tè	1.479766646180867e-07
hè	2.632831565282841e-07
eé	3.843549730339914e-08
có	7.11056700112884e-08
ón	1.1011769977423854e-06
rä	4.112598211463708e-07
äu	4.112598211463708e-07
ös	1.249153662360472e-07
hü	2.325347586855648e-07
tê	4.996614649441888e-08
vk	8.897817625736901e-07
3e	1.3068069083155706e-07
e3	2.1331701003386524e-07
2m	1.4259569499561081e-06
4c	5.323316376520781e-07
e4	2.0370813570801544e-07
6b	5.650018103599674e-07
d5	1.5950731380910644e-07
n7	1.691161881349562e-07
où	9.608874325849784e-09
xr	2.7481380571930387e-07
2b	9.320608096074291e-07
f8	7.494921974162832e-08
cf	4.796750063464212e-06
½i	5.150356638655485e-07
4½	2.3637830841590472e-07
½l	5.765324595509871e-08
1i	2.6904848112379396e-07
4¾	1.1530649191019742e-08
¾i	1.0377584271917768e-07
9¼	5.765324595509871e-09
¼$	5.861413338768369e-07
^⅜	5.573147108992875e-08
⅜i	4.420082189890901e-08
^⅝	2.498307324720944e-08
⅝i	2.3061298382039483e-08
fz	7.11056700112884e-08
3k	1.7103796300012618e-07
a5	4.689130671014695e-07
^¼	5.515493863037777e-07
¼i	1.249153662360472e-07
7i	1.4989843948325664e-07
o4	6.341857055060857e-08
7k	1.210718165057073e-07
m²	3.8435497303399144e-09
²$	7.494921974162832e-08
⅝$	1.729597378652961e-08
1¼	9.993229298883776e-08
jb	2.632831565282841e-07
8e	6.726212028094849e-08
3½	2.844226800451536e-07
8h	9.80105181236678e-08
l4	2.017863608428455e-07
zk	8.398156160792713e-07
sè	1.383677902922369e-07
vn	6.860736268656747e-07
^ê	2.6904848112379398e-08
t9	3.978073970901811e-07
1µ	2.3061298382039483e-08
µm	4.958179152138489e-07
4g	2.6712670625862404e-07
kω	9.608874325849784e-09
ω$	6.534034541577853e-08
5v	7.494921974162832e-08
w0	1.3452424056189699e-08
fx	2.9210977950583344e-07
i2	9.032341866298798e-08
r3	6.457163546971055e-07
y1	1.5950731380910644e-07
y2	5.188792135958884e-08
b7	1.1530649191019742e-07
vg	1.2164834896525828e-06
f3	3.2477995221372273e-07
0ω	3.8435497303399144e-09
2c	4.862090408879991e-07
q1	2.286912089552249e-07
q2	1.5758553894393647e-07
d7	1.0569761758434763e-07
vf	6.495599044274455e-07
8v	1.3452424056189699e-08
l3	3.6898077411263173e-07
m5	3.7666787357331156e-07
6k	2.286912089552249e-07
r4	1.1492213693716343e-06
r5	3.670589992474618e-07
9k	8.840164379781802e-08
0n	3.4207592600025236e-07
mω	3.8435497303399144e-09
m3	5.899848836071768e-07
n0	4.996614649441888e-08
i1	1.1722826677536738e-07
s3	7.879276947196824e-07
3x	1.210718165057073e-07
0µ	1.1338471704502746e-07
µs	2.3061298382039483e-08
3v	3.0748397842719315e-08
µw	1.9217748651699572e-09
i3	4.0357272168569095e-08
h4	1.249153662360472e-07
µv	3.8435497303399144e-09
8y	1.729597378652961e-08
q6	2.498307324720944e-08
f7	1.0569761758434763e-07
µt	3.8435497303399144e-09
4w	1.1915004164053733e-07
l7	1.6335086353944635e-07
mq	2.1331701003386524e-07
kà	3.8435497303399144e-09
àc	7.687099460679829e-09
^á	1.479766646180867e-07
èc	3.036404286968532e-07
fj	4.804437162924892e-07
qr	1.7103796300012618e-07
è$	1.1338471704502746e-07
^â	2.3061298382039483e-08
â$	2.1139523516869526e-08
èd	4.227904703373905e-08
xv	1.4028956515740687e-06
ïf	5.765324595509871e-09
jh	3.670589992474618e-07
jc	1.0070100293490575e-06
qc	1.0838810239558557e-06
jp	9.743398566411682e-07
vj	5.188792135958884e-08
tq	2.5751783193277424e-07
w7	7.11056700112884e-08
wj	2.4790895760692444e-07
m8	1.7680328759563604e-07
m7	1.7103796300012618e-07
a6	4.554606430452798e-07
qe	3.8627674789916136e-07
7l	2.0370813570801544e-07
jm	1.162673793427824e-06
zn	1.203031065596393e-06
bz	3.9972917195535105e-07
jf	2.9787510410134336e-07
xs	1.3625383794054995e-06
1c	3.59371899786782e-07
vw	3.401541511350824e-07
x7	7.687099460679828e-08
o8	3.459194757305922e-08
o9	6.341857055060857e-08
f9	3.2477995221372273e-07
½p	2.9787510410134336e-07
r7	1.748815127304661e-07
lq	4.1318159601154074e-07
0l	7.16822024708394e-07
2o	4.054944965508609e-07
v6	2.6136138166311413e-07
v1	3.3438882653957253e-07
xj	1.8641216192148584e-07
js	7.514139722814532e-07
zq	1.3452424056189698e-07
w8	8.647986893264806e-08
6n	8.263631920230815e-08
5l	2.517525073372644e-07
4j	2.3061298382039483e-08
gv	5.054267895396987e-07
jd	7.687099460679828e-07
u5	4.0357272168569095e-08
u8	2.286912089552249e-07
¼p	5.188792135958884e-08
6½	9.80105181236678e-08
qx	4.227904703373905e-08
3⅓	1.1530649191019742e-08
⅓$	1.0377584271917768e-07
wq	1.3452424056189698e-07
8l	1.8064683732597595e-07
qo	1.5758553894393647e-07
n9	1.5758553894393647e-07
2j	4.420082189890901e-08
wx	1.3452424056189699e-08
d8	2.1716055976420515e-07
r9	1.2683714110121715e-07
zx	1.8833393678665578e-07
h7	4.996614649441888e-08
fv	3.536065751912721e-07
7u	1.3452424056189699e-08
sx	5.054267895396987e-07
d9	1.1530649191019742e-07
qw	1.1722826677536738e-07
pë	1.9217748651699572e-09
rë	2.6904848112379398e-08
mz	4.03572721685691e-07
kz	1.0185406785400772e-07
nö	2.3061298382039483e-08
öe	2.3061298382039483e-08
0q	2.3061298382039483e-08
d0	3.843549730339914e-08
6r	5.188792135958884e-08
9f	1.479766646180867e-07
g4	2.9787510410134336e-07
h9	7.11056700112884e-08
ká	3.7666787357331156e-07
ký	1.1722826677536738e-07
ý$	1.6142908867427638e-07
ní	1.1722826677536738e-07
ík	5.573147108992875e-08
ké	2.3445653355073475e-07
ás	1.7680328759563604e-07
1v	1.8064683732597595e-07
l8	6.726212028094849e-08
pq	9.224519352815793e-08
bx	3.7474609870814164e-07
a8	1.6719441326978626e-07
g6	2.536742822024343e-07
v4	1.5950731380910644e-07
7d	1.0569761758434763e-07
0o	1.1338471704502746e-07
4u	3.0748397842719315e-08
3q	2.3061298382039483e-08
qn	1.0416019769221168e-06
xn	1.4028956515740686e-07
n5	1.0569761758434763e-07
4q	2.3061298382039483e-08
êc	7.687099460679828e-08
çu	3.651372243822918e-08
bâ	1.1530649191019742e-07
âc	1.9794281111250558e-07
dŵ	3.8435497303399144e-09
ŵr	3.8435497303399144e-09
o0	1.1530649191019742e-08
3u	2.6904848112379398e-08
7b	3.9972917195535105e-07
s9	1.5374198921359655e-07
9o	7.494921974162832e-08
oé	4.8044371629248924e-08
é4	1.9217748651699572e-09
mü	8.51346265270291e-07
ün	4.900525906183391e-07
éf	1.0761939244951759e-07
9j	8.45580940674781e-08
j2	8.45580940674781e-08
0j	2.3061298382039483e-08
pè	1.7103796300012618e-07
ül	7.475704225511133e-07
rô	1.0761939244951759e-07
ôl	8.840164379781802e-08
gä	4.996614649441888e-08
än	5.054267895396987e-07
bà	3.8435497303399144e-09
àt	5.765324595509871e-09
gá	3.2670172707889266e-08
á0	1.729597378652961e-08
f5	1.422113400225768e-07
b3	2.2100410949454507e-07
5o	1.960210362473356e-07
pô	3.1132752815753304e-07
zj	9.032341866298798e-08
sø	1.210718165057073e-07
ø$	9.032341866298798e-08
dø	2.498307324720944e-08
øy	5.573147108992875e-08
rø	6.918389514611845e-08
øm	2.1139523516869526e-08
^þ	4.0357272168569095e-08
þi	2.498307324720944e-08
gó	2.402218581462446e-07
ól	4.8044371629248924e-08
öf	9.416696839332789e-08
dó	1.210718165057073e-07
ót	6.341857055060857e-08
jö	2.0755168543835535e-07
ör	4.03572721685691e-07
dö	5.765324595509871e-08
mý	4.6122596764078967e-08
ýv	3.843549730339914e-08
ök	5.957502082026867e-08
ár	3.2862350194406267e-07
jú	1.921774865169957e-08
úf	1.9217748651699572e-09
iđ	7.687099460679829e-09
đ3	3.2670172707889266e-08
^í	9.608874325849784e-09
eđ	1.9217748651699572e-09
rđ	7.687099460679829e-09
öđ	3.8435497303399144e-09
dý	3.8435497303399144e-09
ýr	1.1530649191019742e-08
öd	1.9794281111250558e-07
nú	6.149679568543863e-08
úp	3.8435497303399144e-09
sæ	2.1139523516869526e-08
æb	1.9217748651699572e-09
tö	1.1722826677536738e-07
ví	7.302744487645836e-08
eí	3.8435497303399144e-09
íf	7.687099460679829e-09
kó	2.1139523516869526e-08
óg	2.498307324720944e-08
úk	2.3061298382039483e-08
hó	8.45580940674781e-08
^ö	4.1318159601154074e-07
ræ	6.149679568543863e-08
æf	3.8435497303399144e-09
hú	1.5374198921359658e-08
læ	5.957502082026867e-08
æy	9.608874325849784e-09
gú	2.498307324720944e-08
úr	2.6904848112379398e-08
fđ	7.687099460679829e-09
óf	3.8435497303399144e-09
fæ	3.8435497303399144e-09
æj	1.9217748651699572e-09
mÿ	1.9217748651699572e-09
ÿv	1.9217748651699572e-09
ođ	3.8435497303399144e-09
đa	1.9217748651699572e-09
sö	5.957502082026867e-08
tí	3.2093640248338284e-07
ín	6.361074803712558e-07
ná	3.7858964843848153e-07
ám	5.573147108992875e-08
jó	5.188792135958884e-08
já	6.341857055060857e-08
tó	1.8641216192148584e-07
ór	1.2875891596638712e-07
ýa	1.9217748651699572e-09
tđ	1.9217748651699572e-09
mæ	4.996614649441888e-08
næ	6.918389514611845e-08
^ø	4.0357272168569095e-08
øv	1.1530649191019742e-08
äs	6.726212028094849e-08
jä	6.726212028094849e-08
äl	6.534034541577853e-08
hä	2.017863608428455e-07
är	1.5758553894393647e-07
lå	1.3452424056189699e-08
åm	3.8435497303399144e-09
så	5.765324595509871e-09
år	1.3452424056189699e-08
jå	1.1530649191019742e-08
ås	1.921774865169957e-08
åd	2.8826622977549355e-08
åk	7.687099460679829e-09
kå	3.2670172707889266e-08
væ	5.3809696224758795e-08
ær	4.420082189890901e-08
lø	1.729597378652961e-08
ød	3.459194757305922e-08
vå	3.8435497303399144e-09
åg	5.765324595509871e-09
6x	8.071454433713819e-08
^å	6.918389514611845e-08
å$	9.80105181236678e-08
öy	4.420082189890901e-08
øs	3.0748397842719315e-08
lö	1.1530649191019742e-07
mø	1.9986458597767552e-07
åb	1.1530649191019742e-08
bæ	9.608874325849784e-09
hø	1.5374198921359658e-08
må	9.608874325849784e-09
øp	1.9217748651699572e-09
êv	1.729597378652961e-08
x5	1.114629421798575e-07
iñ	2.1139523516869527e-07
ña	2.7481380571930387e-07
lá	4.2086869547222056e-07
áz	2.22925884359715e-07
áq	9.608874325849784e-09
èz	5.765324595509871e-09
ño	8.53268040135461e-07
bü	2.4406540787658455e-07
6v	1.422113400225768e-07
ád	4.6122596764078967e-08
0z	5.188792135958884e-08
qv	1.4989843948325664e-07
xk	6.726212028094849e-08
9g	6.149679568543863e-08
j6	3.2670172707889266e-08
zf	8.45580940674781e-08
kx	1.3644601542706695e-07
t5	1.4413311488774678e-07
9c	2.6136138166311413e-07
4v	7.11056700112884e-08
0½	6.726212028094849e-08
a0	5.957502082026867e-08
b0	2.3061298382039483e-08
g9	8.263631920230815e-08
6j	2.8826622977549355e-08
z1	1.4028956515740686e-07
f4	1.2299359137087726e-07
èq	1.114629421798575e-07
5½	1.3068069083155706e-07
½t	3.0748397842719315e-08
6o	1.691161881349562e-07
7c	3.1901462761821287e-07
îc	2.498307324720944e-08
^⅓	9.224519352815793e-08
iç	7.687099460679828e-08
ço	6.610905536184652e-07
7o	4.996614649441888e-08
i4	4.420082189890901e-08
mx	3.036404286968532e-07
kq	2.3061298382039483e-08
ql	1.0070100293490575e-06
gq	1.7295973786529612e-07
hx	8.263631920230815e-08
qj	1.921774865169957e-08
qk	2.1139523516869526e-08
g5	1.3644601542706695e-07
0y	1.249153662360472e-07
äd	5.3809696224758795e-08
öb	2.498307324720944e-08
lü	1.9025571165182575e-07
^æ	6.361074803712558e-07
æ$	2.8057913031481373e-07
^ě	1.9217748651699572e-09
ě$	2.498307324720944e-08
þæ	3.8435497303399144e-09
æc	7.687099460679829e-09
þe	1.9217748651699572e-09
ïe	3.8435497303399144e-09
y8	1.921774865169957e-08
1q	3.459194757305922e-08
5h	2.825009051799837e-07
ët	1.4413311488774678e-07
^⅛	9.032341866298798e-08
⅛p	1.729597378652961e-08
j3	1.921774865169957e-08
s0	8.45580940674781e-08
l9	2.7865735544964376e-07
8u	9.608874325849784e-09
jx	5.573147108992875e-08
tô	3.0748397842719315e-08
ôm	9.224519352815793e-08
jü	9.224519352815793e-08
sü	7.879276947196823e-08
x0	5.188792135958884e-08
½f	2.6904848112379398e-08
f6	7.494921974162832e-08
h5	3.0171865383168324e-07
d6	3.1132752815753304e-07
qh	4.0357272168569095e-08
z8	2.3061298382039484e-07
vx	1.8641216192148584e-07
i8	1.0185406785400772e-07
j4	1.1530649191019742e-08
u3	4.8044371629248924e-08
½m	4.8044371629248924e-08
¾s	3.8435497303399144e-09
h2	3.536065751912721e-07
y6	3.2670172707889266e-08
qq	1.0954116731468755e-07
éq	1.729597378652961e-08
îv	7.687099460679829e-09
öp	7.302744487645836e-08
¾l	7.687099460679829e-09
yè	8.263631920230815e-08
ør	9.032341866298798e-08
eñ	5.861413338768369e-07
½h	1.1530649191019742e-08
3o	1.6142908867427638e-07
pj	4.074162714160309e-07
añ	3.401541511350824e-07
lä	3.478412505957622e-07
eû	3.8435497303399144e-09
ûn	1.3452424056189699e-08
mû	1.3452424056189699e-08
ûr	2.8826622977549355e-08
mâ	8.647986893264806e-08
âl	3.2670172707889266e-08
hô	1.8064683732597595e-07
vè	5.957502082026867e-08
jô	5.765324595509871e-09
ôk	1.9217748651699572e-09
vz	1.6719441326978626e-07
sä	6.918389514611845e-08
äc	9.80105181236678e-08
ék	2.8826622977549355e-08
m0	9.608874325849785e-08
nè	5.573147108992875e-08
^ü	2.3061298382039483e-08
üb	1.0377584271917768e-07
tü	1.0377584271917768e-07
üv	9.608874325849784e-09
wä	5.573147108992875e-08
bö	1.4028956515740686e-07
öc	8.647986893264806e-08
bî	1.9217748651699572e-09
îm	8.071454433713819e-08
üg	4.0357272168569095e-08
jé	4.420082189890901e-08
pö	2.9979687896651327e-07
ån	4.0357272168569095e-08
kè	1.9217748651699572e-09
i7	2.1139523516869526e-08
jø	1.729597378652961e-08
øl	1.0954116731468755e-07
oï	3.843549730339914e-08
ïs	4.0357272168569095e-08
ën	1.0569761758434763e-07
üe	6.534034541577853e-08
uñ	9.80105181236678e-08
ñu	5.765324595509871e-09
ós	1.3452424056189698e-07
tä	8.647986893264806e-08
nó	3.459194757305922e-08
uí	1.3452424056189698e-07
í$	3.536065751912721e-07
iõ	1.9217748651699572e-09
õ$	1.9217748651699572e-09
^θ	3.6513722438229184e-07
θ$	3.7474609870814164e-07
^β	1.7295973786529613e-06
β$	1.5124368188887562e-06
kü	1.3260246569672703e-07
t½	3.8435497303399144e-09
vö	5.3809696224758795e-08
üw	1.9217748651699572e-09
éj	1.2299359137087726e-07
jà	7.687099460679828e-08
^⅔	4.996614649441888e-08
⅔i	1.9217748651699572e-09
s5	5.265663130565682e-07
2v	1.2299359137087726e-07
2w	2.6904848112379398e-08
gx	1.8641216192148584e-07
⅔r	3.8435497303399144e-09
uê	1.729597378652961e-08
3y	1.729597378652961e-08
v3	9.416696839332789e-08
n6	1.0185406785400772e-07
o6	4.0357272168569095e-08
ôn	1.0377584271917768e-07
mä	8.263631920230815e-08
wü	1.0377584271917768e-07
üm	5.573147108992875e-08
ók	5.765324595509871e-08
sì	6.534034541577853e-08
ì$	7.11056700112884e-08
bä	4.8044371629248924e-08
ög	3.843549730339914e-08
fè	2.1139523516869526e-08
qf	8.45580940674781e-08
wz	1.1338471704502746e-07
2π	9.608874325849784e-09
π$	1.7295973786529612e-07
3π	1.9217748651699572e-09
^²	6.534034541577853e-08
1²	1.9217748651699572e-09
^π	1.6335086353944635e-07
^⅕	3.2670172707889266e-08
⅕$	3.0748397842719315e-08
fq	5.188792135958884e-08
^³	1.729597378652961e-08
³$	1.729597378652961e-08
^α	1.4663142221246773e-06
α$	1.4048174264392387e-06
aë	4.8044371629248924e-08
⅔$	5.765324595509871e-08
2⅔	5.765324595509871e-09
ïn	3.8435497303399144e-09
öv	1.422113400225768e-07
^î	3.843549730339914e-08
îl	4.0357272168569095e-08
lô	3.8435497303399144e-09
ôw	1.9217748651699572e-09
öw	1.5374198921359658e-08
üt	1.960210362473356e-07
eň	1.3452424056189699e-08
ň$	1.729597378652961e-08
^č	6.341857055060857e-08
če	1.3452424056189698e-07
dč	3.2670172707889266e-08
ča	8.263631920230815e-08
râ	4.8044371629248924e-08
ić	3.1132752815753304e-07
ć$	3.305452768092326e-07
ný	3.459194757305922e-08
bč	3.0748397842719315e-08
tâ	2.498307324720944e-08
âv	1.9217748651699572e-09
sâ	3.8435497303399144e-09
âk	1.9217748651699572e-09
až	1.3452424056189699e-08
ži	6.534034541577853e-08
eš	4.6122596764078967e-08
š$	1.4989843948325664e-07
eč	5.957502082026867e-08
př	2.498307324720944e-08
ří	4.0357272168569095e-08
pě	9.608874325849784e-09
uš	7.687099460679828e-08
mě	5.573147108992875e-08
ěs	5.188792135958884e-08
^ž	3.843549730339914e-08
iž	1.3452424056189699e-08
žk	7.687099460679829e-09
óv	2.3061298382039483e-08
vá	1.4605488975291672e-07
yö	2.3061298382039483e-08
ân	2.3061298382039483e-08
zé	9.80105181236678e-08
fö	2.498307324720944e-08
öm	6.918389514611845e-08
át	2.017863608428455e-07
yá	2.8826622977549355e-08
ák	9.993229298883776e-08
bá	4.227904703373905e-08
½d	5.573147108992875e-08
øn	1.0954116731468755e-07
bø	2.3061298382039483e-08
1⅛	7.687099460679829e-09
⅛$	6.341857055060857e-08
3⅛	1.9217748651699572e-09
6¾	5.765324595509871e-09
¾p	1.5374198921359658e-08
7¾	9.608874325849784e-09
8¼	1.9217748651699572e-09
7½	1.8256861219114592e-07
6⅝	1.9217748651699572e-09
3¼	3.459194757305922e-08
2¾	3.459194757305922e-08
6u	1.1530649191019742e-08
3¾	3.2670172707889266e-08
t6	9.224519352815793e-08
y4	1.5374198921359658e-08
u4	4.420082189890901e-08
2¼	5.957502082026867e-08
¼m	3.8435497303399144e-09
t0	1.1722826677536738e-07
x8	2.2484765922488498e-07
7¼	7.687099460679829e-09
5¼	2.498307324720944e-08
6¼	7.687099460679829e-09
0¼	1.3452424056189699e-08
k5	1.1722826677536738e-07
v5	1.4989843948325664e-07
v7	8.071454433713819e-08
4¼	3.8435497303399144e-09
5¾	2.6904848112379398e-08
1¾	4.0357272168569095e-08
9u	1.921774865169957e-08
u9	4.420082189890901e-08
y3	5.957502082026867e-08
h0	4.420082189890901e-08
3w	3.651372243822918e-08
r0	7.302744487645836e-08
7v	1.3452424056189699e-08
fä	2.3061298382039483e-08
äh	5.188792135958884e-08
vq	1.6834747818888823e-06
nü	5.188792135958884e-08
1μ	2.6904848112379398e-08
μm	3.2477995221372273e-07
^δ	5.323316376520781e-07
δ$	1.7103796300012618e-07
q4	4.420082189890901e-08
q3	1.1530649191019742e-07
há	1.1530649191019742e-07
^φ	1.9986458597767552e-07
φ$	1.5758553894393647e-07
2α	3.8435497303399144e-09
lâ	7.687099460679829e-09
eń	1.9217748651699572e-09
ńs	1.5374198921359658e-08
^ε	4.823654911576592e-07
ευ	1.9217748651699572e-09
υτ	1.9217748651699572e-09
τε	1.9217748651699572e-09
ελ	1.9217748651699572e-09
λη	1.9217748651699572e-09
ησ	1.9217748651699572e-09
σ$	2.9787510410134336e-07
^μ	8.840164379781802e-08
μ$	4.8044371629248924e-08
5u	2.6904848112379398e-08
2q	2.3061298382039483e-08
5w	3.459194757305922e-08
k7	2.498307324720944e-08
cœ	1.9217748651699572e-09
œu	5.765324595509871e-09
c9	1.9409926138216567e-07
rò	1.5374198921359658e-08
òn	2.1139523516869526e-08
eò	3.8435497303399144e-09
òi	1.9217748651699572e-09
i0	2.6904848112379398e-08
½c	4.0357272168569095e-08
j1	4.6122596764078967e-08
½k	9.608874325849784e-09
i9	1.5374198921359655e-07
mœ	8.840164379781802e-08
œo	8.840164379781802e-08
c0	8.45580940674781e-08
sã	1.5566376407876652e-07
ão	4.4200821898909013e-07
íg	1.7103796300012618e-07
lò	9.224519352815793e-08
ò$	9.993229298883776e-08
rà	2.498307324720944e-08
dô	4.0357272168569095e-08
âi	1.5374198921359658e-08
éâ	1.729597378652961e-08
3g	7.687099460679828e-08
sí	1.4028956515740686e-07
^λ	1.7680328759563604e-07
λ$	1.6719441326978626e-07
^γ	6.380292552364257e-07
γ$	7.302744487645837e-07
eá	2.3061298382039483e-08
úc	1.1530649191019742e-08
^ó	2.498307324720944e-08
yq	8.263631920230815e-08
ñe	2.3061298382039484e-07
pç	2.8826622977549355e-08
eç	4.0357272168569095e-08
êm	1.479766646180867e-07
aé	1.0185406785400772e-07
óm	2.1139523516869527e-07
oñ	1.0377584271917768e-07
áb	1.921774865169957e-08
dí	8.071454433713819e-08
aš	4.420082189890901e-08
št	1.3068069083155706e-07
tě	3.0748397842719315e-08
oř	6.726212028094849e-08
ři	2.3061298382039483e-08
iš	9.80105181236678e-08
ěk	5.765324595509871e-09
ož	1.5374198921359658e-08
že	1.5374198921359658e-08
čn	3.0748397842719315e-08
ág	7.494921974162832e-08
iá	2.421436330114146e-07
áš	1.921774865169957e-08
íč	1.9217748651699572e-09
č$	7.687099460679829e-09
ěc	3.8435497303399144e-09
řá	5.957502082026867e-08
^š	1.6719441326978626e-07
šv	1.3452424056189699e-08
še	8.263631920230815e-08
oš	1.1722826677536738e-07
bí	1.3452424056189699e-08
íl	5.573147108992875e-08
ně	9.608874325849784e-09
mí	9.416696839332789e-08
ši	8.45580940674781e-08
šl	1.9217748651699572e-09
aň	2.1139523516869526e-08
ňk	1.921774865169957e-08
šk	9.224519352815793e-08
oč	1.729597378652961e-08
čk	2.3061298382039483e-08
ře	3.2670172707889266e-08
vý	7.687099460679829e-09
nš	5.765324595509871e-09
dě	1.729597378652961e-08
ěb	1.5374198921359658e-08
oň	7.687099460679829e-09
ňs	5.765324595509871e-09
ež	9.608874325849784e-09
iř	1.1530649191019742e-08
bě	1.9217748651699572e-09
vř	5.765324595509871e-09
ář	5.765324595509871e-09
řs	1.3452424056189699e-08
às	1.9217748651699572e-09
tý	3.2670172707889266e-08
ýn	3.459194757305922e-08
yš	1.729597378652961e-08
šš	1.9217748651699572e-09
ší	1.9217748651699572e-09
lš	5.765324595509871e-09
tř	2.6904848112379398e-08
vě	5.765324595509871e-09
ět	7.687099460679829e-09
eř	1.9217748651699572e-09
uč	7.687099460679829e-09
zí	1.1530649191019742e-08
íz	2.498307324720944e-08
^ú	1.3452424056189699e-08
úv	2.498307324720944e-08
rš	1.1530649191019742e-08
šp	7.687099460679829e-09
ěl	1.9217748651699572e-09
áč	3.843549730339914e-08
cá	1.479766646180867e-07
ěm	1.9217748651699572e-09
ža	1.5374198921359658e-08
äg	3.843549730339914e-08
sù	2.6904848112379398e-08
ü$	7.494921974162832e-08
új	9.608874325849784e-09
ír	4.6122596764078967e-08
nů	9.608874325849784e-09
ů$	1.5374198921359658e-08
mč	1.9217748651699572e-09
či	3.0748397842719315e-08
hů	1.9217748651699572e-09
čo	7.687099460679829e-09
íř	1.1530649191019742e-08
řů	1.9217748651699572e-09
íš	1.9217748651699572e-09
ř$	1.9217748651699572e-09
šs	3.8435497303399144e-09
dš	1.1530649191019742e-08
ič	1.921774865169957e-08
čí	1.9217748651699572e-09
ýs	1.9217748651699572e-09
už	1.5374198921359658e-08
éh	1.3452424056189699e-08
lů	1.9217748651699572e-09
ův	1.9217748651699572e-09
kř	1.9217748651699572e-09
žo	3.8435497303399144e-09
ěr	5.765324595509871e-09
ív	5.188792135958884e-08
dř	1.9217748651699572e-09
^ř	3.8435497303399144e-09
ěz	1.9217748651699572e-09
jí	2.8826622977549355e-08
ač	2.6904848112379398e-08
ša	5.957502082026867e-08
ěj	1.1530649191019742e-08
ař	3.2670172707889266e-08
íž	3.8435497303399144e-09
žs	9.608874325849784e-09
áp	4.996614649441888e-08
áv	4.6122596764078967e-08
ít	1.729597378652961e-08
ój	1.9217748651699572e-09
šn	5.765324595509871e-09
ýc	3.8435497303399144e-09
čá	3.8435497303399144e-09
ať	1.9217748651699572e-09
ťa	1.9217748651699572e-09
ků	1.9217748651699572e-09
íb	3.2670172707889266e-08
bř	1.9217748651699572e-09
ží	1.9217748651699572e-09
ió	5.400187371127579e-07
ú$	7.302744487645836e-08
çã	3.843549730339914e-08
tø	2.1139523516869526e-08
ïr	2.190823346293751e-07
½o	6.918389514611845e-08
^⅗	7.687099460679829e-09
⅗$	9.608874325849784e-09
äf	2.3061298382039483e-08
kē	1.9217748651699572e-09
ē$	1.9217748651699572e-09
pê	2.498307324720944e-08
gê	5.765324595509871e-09
ên	3.651372243822918e-08
iú	7.687099460679829e-09
èe	2.498307324720944e-08
pš	1.3452424056189699e-08
ać	1.1530649191019742e-08
eâ	3.8435497303399144e-09
5r	1.3260246569672703e-07
¾d	7.687099460679829e-09
q7	2.8826622977549355e-08
ål	2.1139523516869526e-08
gå	7.687099460679829e-09
æg	1.1530649191019742e-08
åh	1.9217748651699572e-09
ië	1.1530649191019742e-08
âo	1.1530649191019742e-08
δε	1.921774865169957e-08
ε$	4.996614649441888e-07
¼l	9.608874325849784e-09
¾o	3.8435497303399144e-09
¼o	1.1530649191019742e-08
5y	2.1139523516869526e-08
b½	1.9217748651699572e-09
αg	3.8435497303399144e-09
1α	1.3452424056189699e-08
ä$	1.729597378652961e-08
nœ	3.8435497303399144e-09
nò	1.9217748651699572e-09
aô	7.687099460679829e-09
mó	1.6719441326978626e-07
eó	6.726212028094849e-08
áf	9.608874325849784e-09
^ŷ	3.8435497303399144e-09
ŷ$	3.8435497303399144e-09
aü	7.687099460679829e-09
áh	5.765324595509871e-09
çy	3.8435497303399144e-09
^ū	1.9217748651699572e-09
ūp	1.9217748651699572e-09
tū	1.9217748651699572e-09
ūn	1.9217748651699572e-09
7y	1.1530649191019742e-08
íc	3.459194757305922e-08
úi	9.608874325849784e-09
^ω	3.2670172707889266e-08
üd	4.8044371629248924e-08
z2	1.1915004164053733e-07
z3	7.494921974162832e-08
^µ	1.5893078134955546e-06
^σ	2.9979687896651327e-07
σs	1.9217748651699572e-09
^ψ	5.188792135958884e-08
ψ$	3.459194757305922e-08
^η	8.840164379781802e-08
η$	8.840164379781802e-08
ψd	1.9217748651699572e-09
¾m	3.8435497303399144e-09
t7	2.1139523516869527e-07
a_	2.498307324720944e-08
_t	9.608874325849784e-09
uç	1.3452424056189699e-08
ëc	1.9217748651699572e-09
e¹	1.9217748651699572e-09
¹$	3.8435497303399144e-09
^¹	1.9217748651699572e-09
q5	2.3061298382039483e-08
t8	1.1530649191019742e-07
pó	3.8435497303399144e-09
j7	6.726212028094849e-08
üp	2.3061298382039483e-08
f0	3.459194757305922e-08
üf	3.8435497303399144e-09
d½	1.9217748651699572e-09
u7	1.729597378652961e-08
δv	5.765324595509871e-09
δc	7.687099460679829e-09
^ä	1.3452424056189699e-08
áy	1.9217748651699572e-09
nà	1.9217748651699572e-09
àč	1.9217748651699572e-09
eö	3.8435497303399144e-09
nź	1.9217748651699572e-09
źč	1.9217748651699572e-09
uń	3.8435497303399144e-09
ńr	1.9217748651699572e-09
bè	4.420082189890901e-08
gà	1.9217748651699572e-09
àl	1.9217748651699572e-09
jq	1.729597378652961e-08
řà	1.9217748651699572e-09
àk	1.9217748651699572e-09
wá	5.765324595509871e-09
cč	1.9217748651699572e-09
iŝ	1.9217748651699572e-09
ŝa	1.9217748651699572e-09
rź	1.9217748651699572e-09
źt	1.9217748651699572e-09
uè	3.0748397842719315e-08
íu	1.9217748651699572e-09
μα	1.9217748651699572e-09
αρ	1.9217748651699572e-09
ρα	1.9217748651699572e-09
αθ	1.9217748651699572e-09
θω	1.9217748651699572e-09
ων	1.9217748651699572e-09
ν$	1.5758553894393647e-07
éu	1.0185406785400772e-07
èa	3.8435497303399144e-09
cî	2.498307324720944e-08
uî	5.765324595509871e-09
nî	7.302744487645836e-08
eł	3.8435497303399144e-09
łm	1.9217748651699572e-09
ów	1.729597378652961e-08
oś	1.3452424056189699e-08
śc	3.8435497303399144e-09
lę	5.765324595509871e-09
ęz	1.9217748651699572e-09
^ł	5.765324595509871e-09
łu	1.1530649191019742e-08
oż	1.9217748651699572e-09
że	1.9217748651699572e-09
ś$	9.608874325849784e-09
kę	1.9217748651699572e-09
ę$	1.9217748651699572e-09
eś	3.8435497303399144e-09
śn	1.9217748651699572e-09
ań	1.921774865169957e-08
ń$	9.608874325849784e-09
ał	3.8435497303399144e-09
ł$	3.8435497303399144e-09
ła	3.8435497303399144e-09
oł	3.8435497303399144e-09
ią	1.9217748651699572e-09
ąd	1.9217748651699572e-09
sł	9.608874325849784e-09
dę	1.9217748651699572e-09
ęb	5.765324595509871e-09
łd	1.9217748651699572e-09
łe	1.9217748651699572e-09
^ś	2.3061298382039483e-08
śl	1.9217748651699572e-09
ię	1.9217748651699572e-09
ęk	1.9217748651699572e-09
św	3.8435497303399144e-09
yń	1.9217748651699572e-09
ił	2.1139523516869526e-08
łs	2.1139523516869526e-08
zł	1.9217748651699572e-09
ło	3.8435497303399144e-09
äk	5.765324595509871e-09
łł	1.9217748651699572e-09
⅜$	2.1139523516869526e-08
^⅙	1.1530649191019742e-08
⅙$	1.1530649191019742e-08
qz	7.687099460679829e-09
nê	1.5374198921359658e-08
äb	1.9217748651699572e-09
^ń	1.9217748651699572e-09
ńe	1.9217748651699572e-09
sî	3.8435497303399144e-09
îa	3.8435497303399144e-09
xz	2.8826622977549355e-08
kā	2.1139523516869527e-07
āl	1.9986458597767552e-07
lā	6.341857055060857e-08
hā	1.3644601542706695e-07
ād	4.6122596764078967e-08
ār	1.1338471704502746e-07
^ā	9.80105181236678e-08
ā$	3.267017270788927e-07
dā	1.921774865169957e-08
ām	1.210718165057073e-07
bā	3.2670172707889266e-08
āi	4.0357272168569095e-08
āh	9.608874325849784e-09
rā	2.8826622977549355e-08
āt	3.651372243822918e-08
gā	1.5374198921359658e-08
aś	7.687099460679829e-09
śi	1.729597378652961e-08
mā	3.2670172707889266e-08
ān	6.341857055060857e-08
nā	7.687099460679829e-09
ās	1.729597378652961e-08
lī	1.9217748651699572e-09
ī$	3.8435497303399144e-09
pā	1.9217748651699572e-09
wā	7.687099460679829e-09
yā	1.4028956515740686e-07
sā	2.6136138166311413e-07
vī	1.9217748651699572e-09
śa	1.729597378652961e-08
āg	1.4028956515740686e-07
āu	2.1139523516869526e-08
ń4	3.8435497303399144e-09
āc	5.765324595509871e-09
tā	3.651372243822918e-08
iň	1.9217748651699572e-09
ňo	1.9217748651699572e-09
iń	1.9217748651699572e-09
ńo	1.9217748651699572e-09
uň	5.765324595509871e-09
ňa	5.765324595509871e-09
z5	1.3452424056189699e-08
y9	9.608874325849784e-09
qy	3.0748397842719315e-08
2⅛	1.9217748651699572e-09
âz	1.9217748651699572e-09
tã	9.608874325849784e-09
^⅞	7.687099460679829e-09
⅞t	3.8435497303399144e-09
^⅘	7.687099460679829e-09
⅘$	7.687099460679829e-09
9⅔	1.9217748651699572e-09
û$	1.9217748651699572e-09
⅓y	1.9217748651699572e-09
êe	3.8435497303399144e-09
eō	1.9217748651699572e-09
ō$	5.765324595509871e-09
lē	1.9217748651699572e-09
ēs	1.9217748651699572e-09
ó0	4.0357272168569095e-08
aÿ	5.3809696224758795e-08
ÿ$	5.3809696224758795e-08
dë	4.996614649441888e-08
ëp	1.9217748651699572e-09
üé	3.8435497303399144e-09
üè	1.9217748651699572e-09
çe	2.1139523516869526e-08
sû	2.498307324720944e-08
y5	7.687099460679829e-09
tù	3.8435497303399144e-09
8z	3.8435497303399144e-09
z0	2.1139523516869526e-08
9v	3.843549730339914e-08
µa	7.687099460679829e-09
3µ	1.729597378652961e-08
µf	1.1530649191019742e-08
6w	1.5374198921359658e-08
7w	5.765324595509871e-09
î$	3.8435497303399144e-09
5µ	3.2670172707889266e-08
µh	5.765324595509871e-09
µ$	1.2683714110121715e-07
8µ	3.8435497303399144e-09
2ω	1.9217748651699572e-09
oß	7.687099460679829e-09
ß$	7.687099460679829e-09
8w	9.608874325849784e-09
iś	1.3452424056189699e-08
śv	1.9217748651699572e-09
vā	1.921774865169957e-08
gī	1.3452424056189699e-08
īt	1.3452424056189699e-08
mū	1.9217748651699572e-09
ūr	1.9217748651699572e-09
jñ	3.8435497303399144e-09
ñā	3.8435497303399144e-09
cā	3.459194757305922e-08
āj	1.9217748651699572e-09
āś	5.765324595509871e-09
śr	5.765324595509871e-09
ïd	9.608874325849784e-09
bû	1.3452424056189699e-08
ûc	1.3452424056189699e-08
oê	5.765324595509871e-09
j9	1.729597378652961e-08
x9	2.1139523516869526e-08
4ω	5.765324595509871e-09
8ω	1.9217748651699572e-09
rÿ	2.8826622977549355e-08
ÿc	2.8826622977549355e-08
j5	5.765324595509871e-09
ñ$	1.9217748651699572e-09
0¾	1.9217748651699572e-09
8¾	9.608874325849784e-09
9¾	1.729597378652961e-08
2θ	3.8435497303399144e-09
3⅔	5.765324595509871e-09
p0	1.729597378652961e-08
ià	1.5374198921359658e-08
câ	4.996614649441888e-08
âm	5.765324595509871e-08
oã	1.748815127304661e-07
lú	4.0357272168569095e-08
hã	7.687099460679829e-09
lã	5.765324595509871e-09
cã	1.1530649191019742e-08
ãm	9.608874325849784e-09
dã	1.3452424056189699e-08
eã	7.687099460679829e-09
oâ	1.9217748651699572e-09
cê	1.9217748651699572e-09
rã	1.1530649191019742e-08
iã	1.9217748651699572e-09
mã	1.5374198921359658e-08
gã	1.9217748651699572e-09
íd	2.8826622977549355e-08
lç	7.687099460679829e-09
pí	1.1530649191019742e-08
pú	2.498307324720944e-08
úb	1.1530649191019742e-08
fâ	1.9217748651699572e-09
nã	1.9217748651699572e-09
ã$	3.8435497303399144e-09
ób	1.729597378652961e-08
jã	1.9217748651699572e-09
mõ	3.8435497303399144e-09
õe	5.765324595509871e-09
cç	1.9217748651699572e-09
z4	2.498307324720944e-08
oô	7.687099460679829e-09
eè	3.8435497303399144e-09
xü	1.9217748651699572e-09
iò	1.729597378652961e-08
ïo	1.729597378652961e-08
9w	9.608874325849784e-09
l½	5.765324595509871e-09
l¼	1.9217748651699572e-09
uş	8.398156160792713e-07
şe	8.436591658096111e-07
eş	9.608874325849784e-09
şt	3.8435497303399144e-09
uţ	7.687099460679829e-09
ţa	1.1530649191019742e-08
aţ	9.608874325849784e-09
ţu	9.608874325849784e-09
eţ	2.8826622977549355e-08
ţ$	2.8826622977549355e-08
iş	3.8435497303399144e-09
şo	1.5374198921359658e-08
aş	1.3452424056189699e-08
âr	7.687099460679829e-09
şc	1.9217748651699572e-09
ş$	5.765324595509871e-09
u0	1.5374198921359658e-08
tú	1.1530649191019742e-08
úm	9.608874325849784e-09
ç$	5.765324595509871e-09
zö	1.1530649191019742e-08
á2	3.8435497303399144e-09
că	1.9217748651699572e-09
ăf	3.8435497303399144e-09
pă	1.9217748651699572e-09
ăt	3.8435497303399144e-09
hă	1.9217748651699572e-09
bă	1.9217748651699572e-09
¼k	3.8435497303399144e-09
eþ	3.8435497303399144e-09
þ$	3.8435497303399144e-09
yþ	1.9217748651699572e-09
þo	3.8435497303399144e-09
gû	1.729597378652961e-08
ói	1.1530649191019742e-08
eð	1.9217748651699572e-09
ð$	1.9217748651699572e-09
þá	5.765324595509871e-09
rþ	3.8435497303399144e-09
þa	3.8435497303399144e-09
æt	4.381646692587502e-07
úa	2.498307324720944e-08
óe	9.608874325849784e-09
æs	1.3452424056189699e-08
þr	1.9217748651699572e-09
kú	1.9217748651699572e-09
ím	3.843549730339914e-08
eä	2.6904848112379398e-08
út	3.2670172707889266e-08
oó	1.9217748651699572e-09
ó3	1.9217748651699572e-09
nû	1.9217748651699572e-09
ûm	1.9217748651699572e-09
só	4.0357272168569095e-08
íw	1.9217748651699572e-09
wó	1.9217748651699572e-09
ód	2.3061298382039483e-08
rú	4.8044371629248924e-08
æd	2.6904848112379398e-08
dû	7.687099460679829e-09
úe	9.608874325849784e-09
lë	3.8435497303399144e-09
tû	1.1530649191019742e-08
lû	9.608874325849784e-09
wé	1.1530649191019742e-08
fë	1.1530649191019742e-08
ëa	7.687099460679829e-09
wë	5.765324595509871e-09
áw	1.9217748651699572e-09
½y	3.8435497303399144e-09
mμ	1.9217748651699572e-09
¼t	5.765324595509871e-09
1⅓	1.9217748651699572e-09
ôi	1.9217748651699572e-09
iù	1.5374198921359658e-08
cì	1.9217748651699572e-09
èh	1.9217748651699572e-09
uü	1.9217748651699572e-09
gí	9.608874325849784e-09
¾k	3.8435497303399144e-09
ês	1.1530649191019742e-08
hō	1.9217748651699572e-09
j8	9.608874325849784e-09
z6	1.921774865169957e-08
z9	2.1139523516869526e-08
v9	1.729597378652961e-08
z7	1.3452424056189699e-08
ïm	3.8435497303399144e-09
9y	3.843549730339914e-08
k0	1.729597378652961e-08
u6	6.726212028094849e-08
e0	2.3061298382039483e-08
wú	1.9217748651699572e-09
⅞$	5.765324595509871e-09
5⅝	1.9217748651699572e-09
zè	3.0748397842719315e-08
bó	1.729597378652961e-08
ãe	3.8435497303399144e-09
^õ	1.9217748651699572e-09
õb	1.9217748651699572e-09
fó	3.0748397842719315e-08
áo	3.8435497303399144e-09
dê	1.729597378652961e-08
ïb	3.8435497303399144e-09
eë	1.9217748651699572e-09
ük	1.921774865169957e-08
kë	2.3061298382039483e-08
në	1.3260246569672703e-07
g0	1.921774865169957e-08
uß	7.687099460679829e-09
ßi	7.687099460679829e-09
eß	3.8435497303399144e-09
ße	1.5374198921359658e-08
rß	3.8435497303399144e-09
zó	6.726212028094849e-08
lì	3.8435497303399144e-09
òs	7.687099460679829e-09
aß	1.1530649191019742e-08
êg	3.8435497303399144e-09
ê$	1.1530649191019742e-08
δp	3.8435497303399144e-09
δw	7.687099460679829e-09
δu	3.8435497303399144e-09
δt	4.227904703373905e-08
⅛i	2.1139523516869526e-08
y7	3.8435497303399144e-09
2z	5.765324595509871e-09
^⅖	1.5374198921359658e-08
⅖$	1.5374198921359658e-08
ôd	1.3452424056189699e-08
oö	5.765324595509871e-09
čj	1.9217748651699572e-09
čs	1.9217748651699572e-09
^χ	5.342534125172481e-07
χ$	5.400187371127579e-07
q9	2.1139523516869526e-08
j0	5.765324595509871e-09
q8	1.729597378652961e-08
bô	1.5374198921359658e-08
ô$	1.921774865169957e-08
¼d	1.3452424056189699e-08
lê	1.2299359137087726e-07
rð	3.8435497303399144e-09
ði	3.8435497303399144e-09
ða	1.9217748651699572e-09
yð	1.9217748651699572e-09
vø	7.687099460679829e-09
øg	1.3452424056189699e-08
eø	7.687099460679829e-09
β1	9.80105181236678e-08
β2	1.0185406785400772e-07
0μ	3.2285817734855276e-07
μl	4.996614649441888e-08
5μ	6.341857055060857e-08
rμ	1.9217748651699572e-09
μg	1.249153662360472e-07
2μ	2.8826622977549355e-08
3å	1.3452424056189699e-08
4μ	1.921774865169957e-08
û1	7.687099460679829e-09
û4	1.9217748651699572e-09
âf	5.765324595509871e-09
μc	1.9217748651699572e-09
ôc	1.9217748651699572e-09
α2	1.1530649191019742e-08
gμ	1.9217748651699572e-09
μv	2.498307324720944e-08
γ1	1.5374198921359658e-08
βγ	1.1338471704502746e-07
3μ	9.608874325849784e-09
αβ	4.8044371629248924e-08
μj	3.8435497303399144e-09
4å	1.1530649191019742e-08
0å	1.1530649191019742e-08
cα	1.5374198921359658e-08
αx	1.5374198921359658e-08
xβ	1.5374198921359658e-08
α1	3.8435497303399144e-09
βx	1.3452424056189699e-08
vα	3.8435497303399144e-09
αj	3.8435497303399144e-09
jα	3.8435497303399144e-09
oβ	1.9217748651699572e-09
9μ	1.9217748651699572e-09
6μ	9.608874325849784e-09
8μ	9.608874325849784e-09
8å	1.1530649191019742e-08
iô	1.9217748651699572e-09
μb	1.9217748651699572e-09
ûg	1.9217748651699572e-09
ôr	1.3452424056189699e-08
5å	3.8435497303399144e-09
6å	3.8435497303399144e-09
jâ	1.9217748651699572e-09
7å	1.9217748651699572e-09
γf	1.9217748651699572e-09
2å	1.9217748651699572e-09
1å	7.687099460679829e-09
ûh	1.9217748651699572e-09
åu	1.9217748651699572e-09
γγ	1.9217748651699572e-09
éx	9.608874325849784e-09
μs	3.8435497303399144e-09
γ0	1.9217748651699572e-09
4z	3.8435497303399144e-09
8⅝	1.9217748651699572e-09
nâ	3.8435497303399144e-09
jè	1.9217748651699572e-09
êr	1.9217748651699572e-09
âj	1.9217748651699572e-09
χ1	1.9217748651699572e-09
^ρ	1.1722826677536738e-07
ρ$	1.249153662360472e-07
äy	7.687099460679829e-09
vô	2.498307324720944e-08
hα	1.9217748651699572e-09
^ζ	4.0357272168569095e-08
ζ$	4.0357272168569095e-08
^ι	3.8435497303399144e-09
ι$	3.8435497303399144e-09
^κ	4.8044371629248924e-08
κ$	4.8044371629248924e-08
^ν	1.3644601542706695e-07
^ξ	1.5374198921359658e-08
ξ$	1.5374198921359658e-08
^ο	8.45580940674781e-08
ο$	1.0569761758434763e-07
^τ	1.1530649191019742e-07
τ$	1.2299359137087726e-07
^υ	5.765324595509871e-09
υ$	5.765324595509871e-09
ûs	7.687099460679829e-09
iæ	2.498307324720944e-08
hœ	9.608874325849784e-09
œn	9.608874325849784e-09
dæ	1.3452424056189699e-08
hæ	1.9217748651699572e-09
gæ	9.608874325849784e-09
cæ	7.687099460679829e-09
æl	2.0755168543835535e-07
tæ	1.921774865169957e-08
æn	3.8435497303399144e-09
cú	7.687099460679829e-09
fí	7.687099460679828e-08
uá	7.687099460679828e-08
ït	2.8826622977549355e-08
äe	5.765324595509871e-09
mú	3.651372243822918e-08
hí	3.8435497303399144e-09
hà	1.9217748651699572e-09
cà	1.5374198921359658e-08
àh	1.9217748651699572e-09
mà	5.765324595509871e-09
yé	1.5374198921359658e-08
àp	4.6122596764078967e-08
uì	1.9217748651699572e-09
ìs	1.9217748651699572e-09
sà	1.9217748651699572e-09
àn	1.921774865169957e-08
èf	1.9217748651699572e-09
bò	1.9217748651699572e-09
mò	3.8435497303399144e-09
äo	5.765324595509871e-09
ài	1.9217748651699572e-09
áa	1.9217748651699572e-09
aí	8.647986893264806e-08
và	1.9217748651699572e-09
kø	7.687099460679829e-09
øb	1.1530649191019742e-08
pü	1.9217748651699572e-09
oú	7.687099460679829e-09
kô	9.608874325849784e-09
ëf	3.8435497303399144e-09
öz	1.9986458597767552e-07
àr	5.765324595509871e-09
nč	1.729597378652961e-08
şi	1.729597378652961e-08
éy	5.765324595509871e-09
yâ	3.8435497303399144e-09
oî	1.3452424056189699e-08
vš	1.9217748651699572e-09
cö	1.9217748651699572e-09
ïq	5.765324595509871e-09
áj	7.687099460679829e-09
cŕ	1.9217748651699572e-09
ŕe	3.8435497303399144e-09
âg	7.687099460679829e-09
èp	1.5374198921359658e-08
2⅝	3.8435497303399144e-09
ú0	9.608874325849784e-09
yú	2.6904848112379398e-08
yó	1.9217748651699572e-09
2è	4.0357272168569095e-08
4è	1.9217748651699572e-09
iê	3.8435497303399144e-09
ï$	4.0357272168569095e-08
øe	1.9217748651699572e-09
6y	1.3452424056189699e-08
1⅜	1.9217748651699572e-09
πd	1.9217748651699572e-09
6⅜	3.8435497303399144e-09
3⅝	5.765324595509871e-09
_$	5.957502082026867e-08
x_	1.9217748651699572e-09
āb	1.9217748651699572e-09
bō	1.9217748651699572e-09
^_	5.3809696224758795e-08
__	1.2875891596638712e-07
αδ	1.9217748651699572e-09
εm	1.9217748651699572e-09
αf	1.9217748651699572e-09
aρ	9.608874325849784e-09
ρb	5.765324595509871e-09
sρ	1.9217748651699572e-09
ρt	1.9217748651699572e-09
bρ	3.8435497303399144e-09
ρa	3.8435497303399144e-09
ρc	3.8435497303399144e-09
ρe	5.765324595509871e-09
eρ	1.9217748651699572e-09
½j	1.9217748651699572e-09
^ħ	1.9217748651699572e-09
ħ$	3.8435497303399144e-09
iħ	1.9217748651699572e-09
δe	1.1530649191019742e-08
ãs	1.9217748651699572e-09
αi	5.765324595509871e-09
aņ	1.9217748651699572e-09
ņo	1.9217748651699572e-09
mî	3.8435497303399144e-09
îd	3.8435497303399144e-09
ïi	1.9217748651699572e-09
vó	1.3452424056189699e-08
óo	3.8435497303399144e-09
eĺ	3.8435497303399144e-09
ĺe	7.687099460679829e-09
dî	1.9217748651699572e-09
àg	1.9217748651699572e-09
ïg	1.9217748651699572e-09
rε	5.765324595509871e-09
εn	1.9217748651699572e-09
lε	3.8435497303399144e-09
εt	1.9217748651699572e-09
εp	3.8435497303399144e-09
eδ	1.9217748651699572e-09
kε	5.765324595509871e-09
εb	1.9217748651699572e-09
εs	1.9217748651699572e-09
εr	1.9217748651699572e-09
εk	1.9217748651699572e-09
wâ	1.9217748651699572e-09
aŕ	1.9217748651699572e-09
ŕt	1.9217748651699572e-09
áĉ	3.8435497303399144e-09
ĉe	3.8435497303399144e-09
úz	1.5374198921359658e-08
vä	4.6122596764078967e-08
üy	1.9217748651699572e-09
iï	1.9217748651699572e-09
ïa	7.687099460679829e-09
äa	1.9217748651699572e-09
ûd	3.8435497303399144e-09
fû	3.8435497303399144e-09
ôs	1.9217748651699572e-09
6⅓	1.9217748651699572e-09
1⅗	1.9217748651699572e-09
1⅕	1.9217748651699572e-09
⅕k	1.9217748651699572e-09
⅝m	1.9217748651699572e-09
9⅕	1.9217748651699572e-09
⅕c	1.9217748651699572e-09
5⅞	1.9217748651699572e-09
8⅘	1.9217748651699572e-09
⅘k	1.9217748651699572e-09
⅕t	1.9217748651699572e-09
⅔k	1.9217748651699572e-09
2⅜	1.9217748651699572e-09
⅓x	1.9217748651699572e-09
½n	1.9217748651699572e-09
bε	1.9217748651699572e-09
äp	1.9217748651699572e-09
šo	1.9217748651699572e-09
èi	1.9217748651699572e-09
hù	1.9217748651699572e-09
dà	1.9217748651699572e-09
ßl	1.9217748651699572e-09
δf	9.608874325849784e-09
γd	1.9217748651699572e-09
δr	1.729597378652961e-08
δd	5.765324595509871e-09
δx	1.9217748651699572e-09
rž	1.3452424056189699e-08
rč	1.9217748651699572e-09
ća	1.9217748651699572e-09
vč	7.687099460679829e-09
dž	1.921774865169957e-08
žu	1.729597378652961e-08
eć	1.921774865169957e-08
vş	1.5374198921359658e-08
kš	5.765324595509871e-09
ći	1.1530649191019742e-08
oç	9.608874325849784e-09
ž$	3.8435497303399144e-09
žd	1.9217748651699572e-09
čr	3.8435497303399144e-09
ćs	1.9217748651699572e-09
šu	9.608874325849784e-09
čv	1.9217748651699572e-09
cü	1.9217748651699572e-09
^ş	1.729597378652961e-08
µg	5.092703392700386e-07
βr	3.8435497303399144e-09
µl	5.438622868430978e-07
βb	9.608874325849784e-09
αc	1.9217748651699572e-09
βc	5.765324595509871e-09
α6	7.687099460679829e-09
6β	7.687099460679829e-09
β4	3.8435497303399144e-09
α5	5.765324595509871e-09
5β	5.765324595509871e-09
αv	3.8435497303399144e-09
vβ	3.8435497303399144e-09
β3	7.687099460679829e-09
α4	3.8435497303399144e-09
4β	3.8435497303399144e-09
bα	1.9217748651699572e-09
α3	1.9217748651699572e-09
2β	1.9217748651699572e-09
6z	3.8435497303399144e-09
λz	3.8435497303399144e-09
λg	5.765324595509871e-09
αa	5.765324595509871e-09
rα	9.608874325849784e-09
2µ	1.1530649191019742e-08
xα	1.9217748651699572e-09
4µ	1.1530649191019742e-08
µc	6.149679568543863e-08
ββ	3.8435497303399144e-09
5α	7.687099460679829e-09
ψ4	1.1530649191019742e-08
1β	3.843549730339914e-08
γδ	3.8435497303399144e-09
1γ	1.9217748651699572e-09
1δ	3.8435497303399144e-09
αm	1.3452424056189699e-08
δm	7.687099460679829e-09
δ7	1.729597378652961e-08
δ1	5.765324595509871e-09
δ6	1.9217748651699572e-09
φ2	4.420082189890901e-08
9ο	1.9217748651699572e-09
¾h	1.9217748651699572e-09
mô	9.608874325849784e-09
fú	3.8435497303399144e-09
ść	3.8435497303399144e-09
eņ	1.9217748651699572e-09
ņc	1.9217748651699572e-09
éw	1.9217748651699572e-09
úd	2.8826622977549355e-08
áń	1.9217748651699572e-09
ń0	1.9217748651699572e-09
áu	1.9217748651699572e-09
íi	1.9217748651699572e-09
öo	7.687099460679829e-09
çk	1.9217748651699572e-09
şa	1.1530649191019742e-08
oí	3.8435497303399144e-09
lŷ	5.765324595509871e-09
ŷn	5.765324595509871e-09
òr	3.8435497303399144e-09
xé	3.8435497303399144e-09
vê	1.9217748651699572e-09
_o	3.651372243822918e-08
s_	4.227904703373905e-08
_b	3.8435497303399144e-09
l_	5.765324595509871e-09
πτ	1.9217748651699572e-09
τω	1.9217748651699572e-09
ωx	1.9217748651699572e-09
oφ	1.9217748651699572e-09
φa	1.9217748651699572e-09
pæ	1.9217748651699572e-09
dź	1.9217748651699572e-09
ź$	1.9217748651699572e-09
oø	7.687099460679829e-09
àw	1.9217748651699572e-09
ôp	1.9217748651699572e-09
5è	1.9217748651699572e-09
óz	9.608874325849784e-09
lą	1.9217748651699572e-09
ąc	1.9217748651699572e-09
hŷ	1.9217748651699572e-09
ŷs	1.9217748651699572e-09
wŷ	1.9217748651699572e-09
ŷr	1.9217748651699572e-09
lž	1.9217748651699572e-09
êz	1.9217748651699572e-09
^ĺ	3.8435497303399144e-09
óc	9.032341866298798e-08
tå	3.8435497303399144e-09
ää	3.8435497303399144e-09
cò	1.9217748651699572e-09
òl	3.8435497303399144e-09
9⅝	1.9217748651699572e-09
d²	1.9217748651699572e-09
iâ	5.765324595509871e-09
v0	9.608874325849784e-09
lî	1.9217748651699572e-09
δτ	1.9217748651699572e-09
δs	8.263631920230815e-08
cδ	5.765324595509871e-09
dτ	3.8435497303399144e-09
dθ	3.8435497303399144e-09
dφ	3.8435497303399144e-09
4π	1.9217748651699572e-09
řo	2.3061298382039483e-08
hω	5.765324595509871e-09
hχ	1.9217748651699572e-09
hν	7.687099460679829e-09
δν	7.687099460679829e-09
γv	1.9217748651699572e-09
δj	5.765324595509871e-09
δk	3.8435497303399144e-09
kδ	1.9217748651699572e-09
νs	1.9217748651699572e-09
σh	1.9217748651699572e-09
2ν	5.765324595509871e-09
δi	1.9217748651699572e-09
δl	7.687099460679829e-09
ψi	1.9217748651699572e-09
ψf	1.9217748651699572e-09
rå	1.921774865169957e-08
øk	1.9217748651699572e-09
gø	3.8435497303399144e-09
½s	1.9217748651699572e-09
òp	1.9217748651699572e-09
3⅜	1.9217748651699572e-09
cõ	1.9217748651699572e-09
aã	1.9217748651699572e-09
sô	1.9217748651699572e-09
½7	1.9217748651699572e-09
½b	1.9217748651699572e-09
yü	6.341857055060857e-08
ñá	1.9217748651699572e-09
bú	3.8435497303399144e-09
nţ	1.9217748651699572e-09
ër	4.6122596764078967e-08
zë	3.8435497303399144e-09
üü	1.729597378652961e-08
oá	5.765324595509871e-09
úæ	1.9217748651699572e-09
fô	1.9217748651699572e-09
zê	5.765324595509871e-09
vü	1.9217748651699572e-09
óñ	3.651372243822918e-08
êa	1.9217748651699572e-09
öö	1.9217748651699572e-09
óh	1.9217748651699572e-09
úg	5.765324595509871e-09
ñé	1.9217748651699572e-09
ëm	7.687099460679829e-09
íë	1.9217748651699572e-09
íp	3.8435497303399144e-09
çá	1.9217748651699572e-09
hë	1.9217748651699572e-09
áx	5.765324595509871e-09
ëi	1.9217748651699572e-09
jë	1.9217748651699572e-09
íq	1.9217748651699572e-09
áñ	3.8435497303399144e-09
eï	3.8435497303399144e-09
zä	7.687099460679829e-09
ïc	1.9217748651699572e-09
^ţ	1.9217748651699572e-09
pî	1.1530649191019742e-08
bã	1.9217748651699572e-09
ãn	1.9217748651699572e-09
hî	5.765324595509871e-09
lù	3.8435497303399144e-09
óš	1.9217748651699572e-09
aď	1.9217748651699572e-09
ďc	1.9217748651699572e-09
nå	5.765324595509871e-09
då	1.9217748651699572e-09
èj	1.9217748651699572e-09
δg	2.8826622977549355e-08
δh	6.149679568543863e-08
aδ	1.9217748651699572e-09
iθ	1.9217748651699572e-09
δλ	3.8435497303399144e-09
δρ	7.687099460679829e-09
ατ	1.9217748651699572e-09
δµ	1.9217748651699572e-09
o_	1.9217748651699572e-09
_c	9.032341866298798e-08
uŝ	1.921774865169957e-08
ŝe	1.921774865169957e-08
eŝ	3.8435497303399144e-09
ŝt	3.8435497303399144e-09
oŝ	1.9217748651699572e-09
ŝo	1.9217748651699572e-09
qú	1.9217748651699572e-09
hå	1.9217748651699572e-09
hγ	1.9217748651699572e-09
7χ	1.9217748651699572e-09
a²	1.9217748651699572e-09
fα	7.687099460679829e-09
fβ	5.765324595509871e-09
aβ	9.608874325849784e-09
µe	3.8435497303399144e-09
µu	7.687099460679829e-09
3α	3.8435497303399144e-09
wè	1.9217748651699572e-09
eŕ	1.9217748651699572e-09
tî	1.9217748651699572e-09
îr	1.9217748651699572e-09
r_	8.263631920230815e-08
_r	1.3260246569672703e-07
_m	4.420082189890901e-08
n_	1.8256861219114592e-07
_s	8.071454433713819e-08
y_	7.687099460679829e-09
_a	1.0377584271917768e-07
g_	2.498307324720944e-08
_i	1.5374198921359658e-08
e_	2.056299105731854e-07
_l	2.8826622977549355e-08
_q	3.8435497303399144e-09
_w	1.9217748651699572e-09
_f	5.573147108992875e-08
m_	1.1530649191019742e-08
_n	7.687099460679829e-09
u_	3.8435497303399144e-09
t_	1.652726384046163e-07
_p	1.479766646180867e-07
d_	4.420082189890901e-08
_d	1.1915004164053733e-07
f_	1.5374198921359658e-08
_u	9.993229298883776e-08
c_	6.726212028094849e-08
k_	1.1530649191019742e-08
i_	9.032341866298798e-08
_v	2.498307324720944e-08
w_	2.3061298382039483e-08
_h	1.9217748651699572e-09
p_	5.765324595509871e-09
_k	1.9217748651699572e-09
δy	9.608874325849784e-09
αs	3.8435497303399144e-09
sχ	3.8435497303399144e-09
π2	1.9217748651699572e-09
fγ	1.9217748651699572e-09
µb	1.9217748651699572e-09
_1	1.9217748651699572e-09
eæ	1.9217748651699572e-09
yò	1.9217748651699572e-09
½x	1.5374198921359658e-08
1⅖	1.9217748651699572e-09
⅖i	1.9217748651699572e-09
¼h	1.9217748651699572e-09
δz	1.1530649191019742e-08
aì	1.9217748651699572e-09
ìn	1.9217748651699572e-09
îń	3.8435497303399144e-09
7z	1.9217748651699572e-09
hê	1.9217748651699572e-09
ñs	1.9217748651699572e-09
mρ	3.8435497303399144e-09
1_	1.9217748651699572e-09
_2	1.9217748651699572e-09
9z	3.8435497303399144e-09
rý	7.687099460679829e-09
ëk	5.765324595509871e-09
lý	1.9217748651699572e-09
vë	1.9217748651699572e-09
ëv	1.9217748651699572e-09
žl	1.9217748651699572e-09
sý	1.9217748651699572e-09
më	5.765324595509871e-09
íh	1.9217748651699572e-09
mα	1.9217748651699572e-09
9µ	3.8435497303399144e-09
λp	3.8435497303399144e-09
tδ	2.1139523516869526e-08
aα	1.9217748651699572e-09
eα	7.687099460679829e-09
αe	1.9217748651699572e-09
eβ	1.9217748651699572e-09
βe	3.8435497303399144e-09
φ8	1.9217748651699572e-09
zδ	1.9217748651699572e-09
mο	1.9217748651699572e-09
0ο	7.687099460679829e-09
5ο	3.8435497303399144e-09
0π	1.9217748651699572e-09
kο	5.765324595509871e-09
6⅔	1.9217748651699572e-09
ßs	1.9217748651699572e-09
